Header_Length,Protocol Type,Time_To_Live,Rate,fin_flag_number,syn_flag_number,rst_flag_number,psh_flag_number,ack_flag_number,ece_flag_number,cwr_flag_number,ack_count,syn_count,fin_count,rst_count,HTTP,HTTPS,DNS,Telnet,SMTP,SSH,IRC,TCP,UDP,DHCP,ARP,ICMP,IGMP,IPv,LLC,Tot sum,Min,Max,AVG,Std,Tot size,IAT,Number,Variance
32.0,6,197.6,256.65322506623914,0.0,0.0,0.0,0.2,1.0,0.0,0.0,10,0,0,0,0.0,0.9,0.0,0.0,0.0,0.0,0.0,1.0,0.0,0.0,0.0,0.0,0.0,1.0,1.0,2064,66,1364,206.4,408.10107680437306,206.4,0.004211401939392,10,166546.4888888888
21.2,6,142.8,26.321545139684225,0.0,0.0,0.1,0.1,0.6,0.0,0.0,6,0,0,1,0.0,0.5,0.1,0.0,0.0,0.0,0.0,0.6,0.4,0.0,0.0,0.0,0.0,1.0,1.0,1344,60,263,134.4,87.63839848427679,134.4,0.0397753000259399,10,7680.488888888888
20.0,6,64.0,38593.15421420684,0.0,0.0,0.0,0.0,0.0,0.0,0.0,0,0,0,0,0.0,0.0,0.0,0.0,0.0,0.0,0.0,1.0,0.0,0.0,0.0,0.0,0.0,1.0,1.0,6000,60,60,60.0,0.0,60.0,2.591133117675781e-05,100,0.0
20.04,6,64.36,3372.0064959078995,0.0,0.72,0.26,0.0,0.02,0.0,0.0,2,72,0,26,0.0,0.0,0.01,0.0,0.0,0.0,0.0,0.99,0.01,0.0,0.0,0.0,0.0,1.0,1.0,6100,60,154,61.0,9.413079230839427,61.0,0.0002965593338012,100,88.60606060606061
20.0,6,64.0,43667.922956793336,0.0,1.0,0.0,0.0,0.0,0.0,0.0,0,100,0,0,0.0,0.0,0.0,0.0,0.0,0.0,0.0,1.0,0.0,0.0,0.0,0.0,0.0,1.0,1.0,6000,60,60,60.0,0.0,60.0,2.290964126586914e-05,100,0.0
20.0,6,64.0,28571.553133514983,0.0,0.0,0.0,0.0,0.0,0.0,0.0,0,0,0,0,0.0,0.0,0.0,0.0,0.0,0.0,0.0,1.0,0.0,0.0,0.0,0.0,0.0,1.0,1.0,6000,60,60,60.0,0.0,60.0,3.499984741210938e-05,100,0.0
8.0,17,118.0,62.6507377433627,0.0,0.0,0.0,0.0,0.0,0.0,0.0,0,0,0,0,0.0,0.0,0.0,0.0,0.0,0.0,0.0,0.0,1.0,0.0,0.0,0.0,0.0,1.0,1.0,1424,60,230,142.4,66.43158552643129,142.4,0.0159631013870239,10,4413.155555555556
27.2,6,114.0,155.11307197035535,0.0,0.0,0.0,0.1,0.8,0.0,0.0,8,0,0,0,0.0,0.5,0.0,0.0,0.0,0.0,0.0,0.8,0.2,0.0,0.0,0.0,0.0,1.0,1.0,738,60,156,73.8,28.989653326661223,73.8,0.0064470052719116,10,840.4000000000001
16.8,17,112.7,21.52519096192257,0.1,0.0,0.0,0.1,0.4,0.0,0.0,4,0,1,0,0.0,0.4,0.0,0.0,0.0,0.0,0.0,0.4,0.5,0.0,0.1,0.0,0.0,0.9,0.9,884,60,230,88.4,57.88724672441533,88.4,0.046457290649414,10,3350.933333333334
23.6,6,114.4,85.29220733004308,0.0,0.0,0.0,0.3,0.7,0.0,0.0,7,0,0,0,0.0,0.7,0.0,0.0,0.0,0.0,0.0,0.7,0.3,0.0,0.0,0.0,0.0,1.0,1.0,6850,60,2962,685.0,1022.618968900712,685.0,0.0117246150970458,10,1045749.5555555556
20.0,6,64.0,10219.54095804298,0.0,1.0,0.0,0.0,0.0,0.0,0.0,0,100,0,0,0.0,0.0,0.0,0.0,0.0,0.0,0.0,1.0,0.0,0.0,0.0,0.0,0.0,1.0,1.0,6000,60,60,60.0,0.0,60.0,9.785175323486329e-05,100,0.0
32.0,6,62.4,139.870277552681,0.0,0.0,0.0,0.0,1.0,0.0,0.0,10,0,0,0,0.0,1.0,0.0,0.0,0.0,0.0,0.0,1.0,0.0,0.0,0.0,0.0,0.0,1.0,1.0,11924,66,2882,1192.4,1110.6453779472347,1192.4,0.0078994989395141,10,1233533.1555555556
20.0,6,64.0,23523.85866517106,0.0,1.0,0.0,0.0,0.0,0.0,0.0,0,100,0,0,0.0,0.0,0.0,0.0,0.0,0.0,0.0,1.0,0.0,0.0,0.0,0.0,0.0,1.0,1.0,6000,60,60,60.0,0.0,60.0,4.25100326538086e-05,100,0.0
22.4,6,64.5,63.88594580597992,0.1,0.0,0.0,0.3,0.6,0.0,0.0,6,0,1,0,0.3,0.2,0.1,0.0,0.0,0.0,0.0,0.6,0.4,0.0,0.0,0.0,0.0,1.0,1.0,1458,60,441,145.8,130.65374085727512,145.8,0.0156529903411865,10,17070.400000000005
32.8,6,151.0,230.9206426109649,0.0,0.1,0.0,0.6,0.9,0.0,0.0,9,1,0,0,0.1,0.7,0.0,0.0,0.0,0.0,0.0,1.0,0.0,0.0,0.0,0.0,0.0,1.0,1.0,4102,66,1643,410.2,651.2814377142274,410.2,0.0043540000915527,10,424167.5111111112
20.0,6,64.0,37766.10840986854,0.0,0.0,0.0,0.0,0.0,0.0,0.0,0,0,0,0,0.0,0.0,0.0,0.0,0.0,0.0,0.0,1.0,0.0,0.0,0.0,0.0,0.0,1.0,1.0,6000,60,60,60.0,0.0,60.0,2.647876739501953e-05,100,0.0
31.2,6,97.1,87.42103705432883,0.1,0.2,0.0,0.3,0.8,0.0,0.0,8,2,1,0,0.3,0.6,0.1,0.0,0.0,0.0,0.0,0.9,0.1,0.0,0.0,0.0,0.0,1.0,1.0,1369,66,583,136.9,161.6432629107828,136.9,0.0116808891296386,10,26128.544444444447
20.0,6,64.0,51388.189169321246,0.0,0.0,0.0,0.0,0.0,0.0,0.0,0,0,0,0,0.0,0.0,0.0,0.0,0.0,0.0,0.0,1.0,0.0,0.0,0.0,0.0,0.0,1.0,1.0,6000,60,60,60.0,0.0,60.0,1.945972442626953e-05,100,0.0
19.8,6,63.36,17965.835689197294,0.0,0.99,0.0,0.0,0.0,0.0,0.0,0,99,0,0,0.0,0.0,0.0,0.0,0.0,0.0,0.0,0.99,0.0,0.0,0.01,0.0,0.0,0.99,0.99,6000,60,60,60.0,0.0,60.0,5.566120147705078e-05,100,0.0
25.6,6,73.4,77.95321659164321,0.1,0.1,0.0,0.1,0.7,0.0,0.0,7,1,1,0,0.5,0.2,0.0,0.0,0.0,0.0,0.0,0.7,0.3,0.0,0.0,0.0,0.0,1.0,1.0,846,60,262,84.6,62.47523953980133,84.6,0.0129541158676147,10,3903.155555555555
20.12,6,63.85,20467.0082467184,0.0,0.99,0.0,0.0,0.01,0.0,0.0,1,99,0,0,0.0,0.01,0.0,0.0,0.0,0.0,0.0,1.0,0.0,0.0,0.0,0.0,0.0,1.0,1.0,6006,60,66,60.06,0.599999999999999,60.06,4.8859119415283205e-05,100,0.3599999999999987
32.8,6,64.0,83.25897341225887,0.0,0.1,0.0,0.3,0.9,0.0,0.0,9,1,0,0,0.1,0.9,0.0,0.0,0.0,0.0,0.0,1.0,0.0,0.0,0.0,0.0,0.0,1.0,1.0,16166,74,5858,1616.6,1630.544639751461,1616.6,0.0120314121246337,10,2658675.822222222
19.4,6,66.93,2289.1673579880367,0.0,0.96,0.0,0.0,0.01,0.0,0.0,1,96,0,0,0.0,0.0,0.01,0.0,0.0,0.0,0.0,0.96,0.02,0.0,0.01,0.01,0.0,0.99,0.99,6312,60,301,63.12,24.628258385665664,63.12,0.000436840057373,100,606.551111111111
20.0,6,64.0,31396.841080919232,0.0,0.99,0.01,0.0,0.0,0.0,0.0,0,99,0,1,0.0,0.0,0.0,0.0,0.0,0.0,0.0,1.0,0.0,0.0,0.0,0.0,0.0,1.0,1.0,6000,60,60,60.0,0.0,60.0,3.216981887817383e-05,100,0.0
20.0,6,64.0,29560.25089858341,0.0,0.0,0.0,0.0,0.0,0.0,0.0,0,0,0,0,0.0,0.0,0.0,0.0,0.0,0.0,0.0,1.0,0.0,0.0,0.0,0.0,0.0,1.0,1.0,6000,60,60,60.0,0.0,60.0,3.38292121887207e-05,100,0.0
27.2,6,97.1,45.13450053266472,0.1,0.1,0.0,0.3,0.7,0.0,0.0,7,1,1,0,0.1,0.7,0.0,0.0,0.0,0.0,0.0,0.8,0.1,0.0,0.0,0.1,0.0,1.0,1.0,968,66,214,96.8,50.20801175554002,96.8,0.0221560955047607,10,2520.844444444445
28.8,6,57.6,710.8748855970985,0.0,0.0,0.0,0.1,0.9,0.0,0.0,9,0,0,0,0.0,0.9,0.0,0.0,0.0,0.0,0.0,0.9,0.0,0.0,0.1,0.0,0.0,0.9,0.9,23925,60,5858,2392.5,1827.295223365216,2392.5,0.0014163017272949,10,3339007.833333333
19.6,6,62.72,12750.194552529185,0.0,0.98,0.0,0.0,0.0,0.0,0.0,0,98,0,0,0.0,0.0,0.0,0.0,0.0,0.0,0.0,0.98,0.0,0.0,0.02,0.0,0.0,0.98,0.98,6000,60,60,60.0,0.0,60.0,7.843017578125e-05,100,0.0
20.2,6,65.71,16420.561406256118,0.0,1.0,0.0,0.0,0.01,0.0,0.0,1,100,0,0,0.0,0.01,0.0,0.0,0.0,0.0,0.0,1.0,0.0,0.0,0.0,0.0,0.0,1.0,1.0,6014,60,74,60.14,1.3999999999999992,60.14,6.089925765991211e-05,100,1.9599999999999984
20.0,6,64.0,53478.311870457735,0.0,1.0,0.0,0.0,0.0,0.0,0.0,0,100,0,0,0.0,0.0,0.0,0.0,0.0,0.0,0.0,1.0,0.0,0.0,0.0,0.0,0.0,1.0,1.0,6000,60,60,60.0,0.0,60.0,1.870870590209961e-05,100,0.0
20.0,6,64.0,6273.54502894237,0.0,1.0,0.0,0.0,0.0,0.0,0.0,0,100,0,0,0.0,0.0,0.0,0.0,0.0,0.0,0.0,1.0,0.0,0.0,0.0,0.0,0.0,1.0,1.0,6000,60,60,60.0,0.0,60.0,0.0001593995094299,100,0.0
19.8,6,63.36,25746.14204161807,0.0,0.99,0.0,0.0,0.0,0.0,0.0,0,99,0,0,0.0,0.0,0.0,0.0,0.0,0.0,0.0,0.99,0.0,0.0,0.01,0.0,0.0,0.99,0.99,6000,60,60,60.0,0.0,60.0,3.8840770721435546e-05,100,0.0
26.4,6,162.0,228.1645886372044,0.0,0.0,0.0,0.1,0.8,0.0,0.0,8,0,0,0,0.0,0.8,0.0,0.0,0.0,0.0,0.0,0.8,0.1,0.0,0.0,0.1,0.0,1.0,1.0,665,60,77,66.5,4.143267631552018,66.5,0.0046033859252929,10,17.166666666666668
20.0,6,64.0,54260.07761966365,0.0,0.0,0.0,0.0,0.0,0.0,0.0,0,0,0,0,0.0,0.0,0.0,0.0,0.0,0.0,0.0,1.0,0.0,0.0,0.0,0.0,0.0,1.0,1.0,6000,60,60,60.0,0.0,60.0,1.842975616455078e-05,100,0.0
20.0,6,64.0,36167.146675864446,0.0,0.0,0.0,0.0,0.0,0.0,0.0,0,0,0,0,1.0,0.0,0.0,0.0,0.0,0.0,0.0,1.0,0.0,0.0,0.0,0.0,0.0,1.0,1.0,6000,60,60,60.0,0.0,60.0,2.7649402618408203e-05,100,0.0
20.0,6,64.0,15295.39785573627,0.0,1.0,0.0,0.0,0.0,0.0,0.0,0,100,0,0,0.0,0.0,0.0,0.0,0.0,0.0,0.0,1.0,0.0,0.0,0.0,0.0,0.0,1.0,1.0,6000,60,60,60.0,0.0,60.0,6.537914276123048e-05,100,0.0
32.0,6,231.0,6963.81205379379,0.0,0.0,0.0,0.0,1.0,0.0,0.0,10,0,0,0,0.0,1.0,0.0,0.0,0.0,0.0,0.0,1.0,0.0,0.0,0.0,0.0,0.0,1.0,1.0,660,66,66,66.0,0.0,66.0,0.0001436948776245,10,0.0
28.8,6,108.9,104.29181689335356,0.0,0.0,0.0,0.4,0.9,0.0,0.0,9,0,0,0,0.0,0.9,0.0,0.0,0.0,0.0,0.0,0.9,0.0,0.0,0.1,0.0,0.0,0.9,0.9,9990,60,3495,999.0,1084.2592965809529,999.0,0.0095887899398803,10,1175618.2222222222
20.0,6,64.0,17035.47378254336,0.0,1.0,0.0,0.0,0.0,0.0,0.0,0,100,0,0,0.0,0.0,0.0,0.0,0.0,0.0,0.0,1.0,0.0,0.0,0.0,0.0,0.0,1.0,1.0,6000,60,60,60.0,0.0,60.0,5.897998809814453e-05,100,0.0
20.0,6,64.0,29959.314285714285,0.0,0.0,0.0,0.0,0.0,0.0,0.0,0,0,0,0,1.0,0.0,0.0,0.0,0.0,0.0,0.0,1.0,0.0,0.0,0.0,0.0,0.0,1.0,1.0,6000,60,60,60.0,0.0,60.0,3.339052200317383e-05,100,0.0
20.0,6,64.0,13220.816390858943,0.0,1.0,0.0,0.0,0.0,0.0,0.0,0,100,0,0,0.0,0.0,0.0,0.0,0.0,0.0,0.0,1.0,0.0,0.0,0.0,0.0,0.0,1.0,1.0,6000,60,60,60.0,0.0,60.0,7.56382942199707e-05,100,0.0
22.4,6,147.8,47.03051940625189,0.0,0.0,0.0,0.1,0.6,0.0,0.0,6,0,0,0,0.0,0.5,0.0,0.0,0.0,0.0,0.0,0.6,0.4,0.0,0.0,0.0,0.0,1.0,1.0,1034,60,214,103.4,64.97213077757091,103.4,0.0224866867065429,10,4221.377777777778
20.0,6,64.0,25478.70246628599,0.0,1.0,0.0,0.0,0.0,0.0,0.0,0,100,0,0,0.0,0.0,0.0,0.0,0.0,0.0,0.0,1.0,0.0,0.0,0.0,0.0,0.0,1.0,1.0,6000,60,60,60.0,0.0,60.0,3.924846649169922e-05,100,0.0
20.0,6,64.0,26616.98185048864,0.0,0.0,0.25,0.0,0.25,0.0,0.0,25,0,0,25,1.0,0.0,0.0,0.0,0.0,0.0,0.0,1.0,0.0,0.0,0.0,0.0,0.0,1.0,1.0,6000,60,60,60.0,0.0,60.0,3.756999969482422e-05,100,0.0
20.0,6,64.0,34495.468377333666,0.0,1.0,0.0,0.0,0.0,0.0,0.0,0,100,0,0,0.0,0.0,0.0,0.0,0.0,0.0,0.0,1.0,0.0,0.0,0.0,0.0,0.0,1.0,1.0,6000,60,60,60.0,0.0,60.0,2.8989315032958985e-05,100,0.0
43.2,6,99.4,15224.33393829401,0.0,0.0,0.0,0.0,1.0,0.0,0.0,10,0,0,0,1.0,0.0,0.0,0.0,0.0,0.0,0.0,1.0,0.0,0.0,0.0,0.0,0.0,1.0,1.0,9148,94,1462,914.8,706.4321623482327,914.8,6.589889526367187e-05,10,499046.3999999999
22.4,6,149.3,24.896621807717512,0.0,0.0,0.0,0.1,0.8,0.0,0.0,8,0,0,0,0.0,0.2,0.0,0.0,0.0,0.0,0.0,0.8,0.2,0.0,0.0,0.0,0.0,1.0,1.0,3964,60,1514,396.4,593.040227228399,396.4,0.0432178020477294,10,351696.71111111104
20.0,6,64.0,77399.96309282155,0.0,0.0,0.0,0.0,0.0,0.0,0.0,0,0,0,0,0.0,0.0,0.0,0.0,0.0,0.0,0.0,1.0,0.0,0.0,0.0,0.0,0.0,1.0,1.0,6000,60,60,60.0,0.0,60.0,1.2919902801513671e-05,100,0.0
20.0,6,64.0,53308.38840874428,0.0,0.0,0.0,0.0,0.0,0.0,0.0,0,0,0,0,0.0,0.0,0.0,0.0,0.0,0.0,0.0,1.0,0.0,0.0,0.0,0.0,0.0,1.0,1.0,6000,60,60,60.0,0.0,60.0,1.875877380371094e-05,100,0.0
27.2,6,78.5,115.25504582113956,0.0,0.0,0.0,0.4,0.8,0.0,0.0,8,0,0,0,0.0,0.7,0.2,0.0,0.0,0.0,0.0,0.8,0.2,0.0,0.0,0.0,0.0,1.0,1.0,1778,66,720,177.8,203.4517687861725,177.8,0.009417700767517,10,41392.62222222222
19.92,6,65.09,20786.519972247,0.0,0.98,0.0,0.0,0.01,0.0,0.0,1,98,0,0,0.0,0.01,0.0,0.0,0.0,0.0,0.0,0.99,0.0,0.0,0.01,0.0,0.0,0.99,0.99,7454,60,1514,74.54,145.4,74.54,5.01394271850586e-05,100,21141.16
19.8,6,63.36,36204.60940871817,0.0,0.99,0.0,0.0,0.0,0.0,0.0,0,99,0,0,0.0,0.0,0.0,0.0,0.0,0.0,0.0,0.99,0.0,0.0,0.01,0.0,0.0,0.99,0.99,6000,60,60,60.0,0.0,60.0,2.762079238891601e-05,100,0.0
20.0,6,64.0,24794.89240955309,0.0,0.0,0.31,0.0,0.31,0.0,0.0,31,0,0,31,1.0,0.0,0.0,0.0,0.0,0.0,0.0,1.0,0.0,0.0,0.0,0.0,0.0,1.0,1.0,6000,60,60,60.0,0.0,60.0,4.033088684082031e-05,100,0.0
32.0,6,181.6,1053.8452261306534,0.0,0.0,0.0,0.0,1.0,0.0,0.0,10,0,0,0,0.0,1.0,0.0,0.0,0.0,0.0,0.0,1.0,0.0,0.0,0.0,0.0,0.0,1.0,1.0,5004,66,1514,500.4,699.4504509494102,500.4,0.0011332035064697,10,489230.93333333335
20.0,6,64.0,30166.168009205983,0.0,1.0,0.0,0.0,0.0,0.0,0.0,0,100,0,0,0.0,0.0,0.0,0.0,0.0,0.0,0.0,1.0,0.0,0.0,0.0,0.0,0.0,1.0,1.0,6000,60,60,60.0,0.0,60.0,3.343820571899414e-05,100,0.0
20.0,6,64.0,23458.076062639822,0.0,1.0,0.0,0.0,0.0,0.0,0.0,0,100,0,0,0.0,0.0,0.0,0.0,0.0,0.0,0.0,1.0,0.0,0.0,0.0,0.0,0.0,1.0,1.0,6000,60,60,60.0,0.0,60.0,4.289865493774414e-05,100,0.0
20.0,6,138.7,75.04744250626692,0.0,0.0,0.0,0.0,0.5,0.0,0.0,5,0,0,0,0.0,0.5,0.1,0.0,0.0,0.0,0.0,0.5,0.5,0.1,0.0,0.0,0.0,1.0,1.0,11487,60,5858,1148.7,1898.655550646299,1148.7,0.0133408069610595,10,3604892.9
20.0,6,64.0,34119.450093549174,0.0,0.0,0.0,0.0,0.0,0.0,0.0,0,0,0,0,0.0,0.0,0.0,0.0,0.0,0.0,0.0,1.0,0.0,0.0,0.0,0.0,0.0,1.0,1.0,6000,60,60,60.0,0.0,60.0,2.930879592895508e-05,100,0.0
19.88,6,65.91,9145.688057390813,0.0,0.99,0.0,0.0,0.0,0.0,0.0,0,99,0,0,0.0,0.0,0.01,0.0,0.0,0.0,0.0,0.99,0.01,0.0,0.0,0.0,0.0,1.0,1.0,6042,60,102,60.42,4.200000000000001,60.42,0.0001093411445617,100,17.640000000000008
20.0,6,64.0,3060.3518346916885,0.0,1.0,0.0,0.0,0.0,0.0,0.0,0,100,0,0,0.0,0.0,0.0,0.0,0.0,0.0,0.0,1.0,0.0,0.0,0.0,0.0,0.0,1.0,1.0,6000,60,60,60.0,0.0,60.0,0.000326759815216,100,0.0
13.2,17,90.9,40.86868403411128,0.0,0.0,0.0,0.2,0.3,0.0,0.0,3,0,0,0,0.0,0.2,0.2,0.0,0.0,0.0,0.0,0.3,0.6,0.0,0.0,0.1,0.0,1.0,1.0,1353,60,364,135.3,117.09260342898598,135.3,0.02446870803833,10,13710.67777777778
20.0,6,64.0,45764.36442989635,0.0,1.0,0.0,0.0,0.0,0.0,0.0,0,100,0,0,0.0,0.0,0.0,0.0,0.0,0.0,0.0,1.0,0.0,0.0,0.0,0.0,0.0,1.0,1.0,6000,60,60,60.0,0.0,60.0,2.2110939025878905e-05,100,0.0
20.0,6,64.0,6753.56895580066,0.0,0.0,0.0,0.0,0.0,0.0,0.0,0,0,0,0,0.0,0.0,0.0,0.0,0.0,0.0,0.0,1.0,0.0,0.0,0.0,0.0,0.0,1.0,1.0,6000,60,60,60.0,0.0,60.0,0.000148069858551,100,0.0
20.0,6,64.0,29551.91996054393,0.0,0.0,0.0,0.0,0.0,0.0,0.0,0,0,0,0,1.0,0.0,0.0,0.0,0.0,0.0,0.0,1.0,0.0,0.0,0.0,0.0,0.0,1.0,1.0,6000,60,60,60.0,0.0,60.0,3.4189224243164064e-05,100,0.0
19.28,6,63.76,52851.6129032258,0.0,0.0,0.0,0.0,0.0,0.0,0.0,0,0,0,0,0.0,0.0,0.0,0.0,0.0,0.0,0.0,0.94,0.06,0.0,0.0,0.0,0.0,1.0,1.0,13992,60,1392,139.92,317.9260977591546,139.92,1.89208984375e-05,100,101077.0036363635
20.0,6,64.0,25349.353318022484,0.0,1.0,0.0,0.0,0.0,0.0,0.0,0,100,0,0,0.0,0.0,0.0,0.0,0.0,0.0,0.0,1.0,0.0,0.0,0.0,0.0,0.0,1.0,1.0,6000,60,60,60.0,0.0,60.0,3.944873809814453e-05,100,0.0
20.0,6,64.0,80783.9753466872,0.0,0.0,0.0,0.0,0.0,0.0,0.0,0,0,0,0,0.0,0.0,0.0,0.0,0.0,0.0,0.0,1.0,0.0,0.0,0.0,0.0,0.0,1.0,1.0,6000,60,60,60.0,0.0,60.0,1.2378692626953124e-05,100,0.0
20.0,6,64.0,27173.98121153223,0.0,0.0,0.0,0.0,0.0,0.0,0.0,0,0,0,0,0.0,0.0,0.0,0.0,0.0,0.0,0.0,1.0,0.0,0.0,0.0,0.0,0.0,1.0,1.0,6000,60,60,60.0,0.0,60.0,3.679990768432617e-05,100,0.0
21.8,6,64.0,15140.251958271669,0.0,1.0,0.0,0.0,0.45,0.0,0.0,45,100,0,0,0.0,0.0,0.0,0.0,0.0,0.0,0.0,1.0,0.0,0.0,0.0,0.0,0.0,1.0,1.0,6000,60,60,60.0,0.0,60.0,6.605863571166992e-05,100,0.0
20.0,6,64.0,22104.368906455864,0.0,0.0,0.0,0.0,0.0,0.0,0.0,0,0,0,0,1.0,0.0,0.0,0.0,0.0,0.0,0.0,1.0,0.0,0.0,0.0,0.0,0.0,1.0,1.0,6000,60,60,60.0,0.0,60.0,4.523992538452149e-05,100,0.0
29.6,6,116.2,52.20510114160821,0.0,0.0,0.0,0.3,0.9,0.0,0.0,9,0,0,0,0.0,0.9,0.0,0.0,0.0,0.0,0.0,0.9,0.1,0.0,0.0,0.0,0.0,1.0,1.0,7542,66,2962,754.2,968.5982770076675,754.2,0.0191763162612915,10,938182.6222222224
20.0,6,65.73,11089.001692047375,0.01,0.99,0.0,0.0,0.01,0.0,0.0,1,99,1,0,0.01,0.0,0.0,0.0,0.0,0.0,0.0,1.0,0.0,0.0,0.0,0.0,0.0,1.0,1.0,6000,60,60,60.0,0.0,60.0,9.0179443359375e-05,100,0.0
20.0,6,64.0,51069.085596006335,0.0,0.0,0.0,0.0,0.0,0.0,0.0,0,0,0,0,0.0,0.0,0.0,0.0,0.0,0.0,0.0,1.0,0.0,0.0,0.0,0.0,0.0,1.0,1.0,6000,60,60,60.0,0.0,60.0,1.9581317901611327e-05,100,0.0
20.0,6,64.0,39107.7296037296,0.0,1.0,0.0,0.0,0.0,0.0,0.0,0,100,0,0,0.0,0.0,0.0,0.0,0.0,0.0,0.0,1.0,0.0,0.0,0.0,0.0,0.0,1.0,1.0,6000,60,60,60.0,0.0,60.0,2.557039260864257e-05,100,0.0
19.8,6,63.36,48215.93286584665,0.0,0.99,0.0,0.0,0.0,0.0,0.0,0,99,0,0,0.0,0.0,0.0,0.0,0.0,0.0,0.0,0.99,0.0,0.0,0.01,0.0,0.0,0.99,0.99,6000,60,60,60.0,0.0,60.0,2.0749568939208985e-05,100,0.0
20.0,6,64.0,11469.248017500684,0.0,1.0,0.0,0.0,0.0,0.0,0.0,0,100,0,0,0.0,0.0,0.0,0.0,0.0,0.0,0.0,1.0,0.0,0.0,0.0,0.0,0.0,1.0,1.0,6000,60,60,60.0,0.0,60.0,8.71896743774414e-05,100,0.0
32.0,6,247.0,2946.4727783631893,0.0,0.0,0.0,0.8,1.0,0.0,0.0,10,0,0,0,0.0,1.0,0.0,0.0,0.0,0.0,0.0,1.0,0.0,0.0,0.0,0.0,0.0,1.0,1.0,21168,582,2922,2116.8,891.2454207455992,2116.8,0.0003395080566406,10,794318.4
20.12,6,65.69,32236.59980016909,0.0,0.99,0.0,0.0,0.01,0.0,0.0,1,99,0,0,0.0,0.01,0.0,0.0,0.0,0.0,0.0,1.0,0.0,0.0,0.0,0.0,0.0,1.0,1.0,7454,60,1514,74.54,145.39999999999998,74.54,3.10206413269043e-05,100,21141.16
20.04,6,65.91,15669.097429766884,0.0,1.0,0.0,0.0,0.0,0.0,0.0,0,100,0,0,0.0,0.0,0.0,0.0,0.0,0.0,0.0,1.0,0.0,0.0,0.0,0.0,0.0,1.0,1.0,6000,60,60,60.0,0.0,60.0,6.381988525390625e-05,100,0.0
20.24,6,64.0,23590.011248593924,0.0,0.98,0.0,0.01,0.02,0.0,0.0,2,98,0,0,0.02,0.0,0.0,0.0,0.0,0.0,0.0,1.0,0.0,0.0,0.0,0.0,0.0,1.0,1.0,6208,60,262,62.08,20.20285008396464,62.08,4.2390823364257815e-05,100,408.1551515151502
20.0,6,64.0,11166.943556975506,0.0,1.0,0.0,0.0,0.0,0.0,0.0,0,100,0,0,0.0,0.0,0.0,0.0,0.0,0.0,0.0,1.0,0.0,0.0,0.0,0.0,0.0,1.0,1.0,6000,60,60,60.0,0.0,60.0,8.955001831054688e-05,100,0.0
21.2,6,209.3,32.364031151787415,0.0,0.0,0.0,0.5,0.9,0.0,0.0,9,0,0,0,0.0,0.2,0.0,0.0,0.0,0.0,0.0,0.9,0.1,0.0,0.0,0.0,0.0,1.0,1.0,1073,60,230,107.3,56.77646225916747,107.3,0.0330977916717529,10,3223.5666666666675
20.0,6,64.0,64142.89646734975,0.0,0.0,0.0,0.0,0.0,0.0,0.0,0,0,0,0,0.0,0.0,0.0,0.0,0.0,0.0,0.0,1.0,0.0,0.0,0.0,0.0,0.0,1.0,1.0,6000,60,60,60.0,0.0,60.0,1.5590190887451172e-05,100,0.0
20.0,6,64.0,59384.17103213932,0.0,0.0,0.0,0.0,0.0,0.0,0.0,0,0,0,0,0.0,0.0,0.0,0.0,0.0,0.0,0.0,1.0,0.0,0.0,0.0,0.0,0.0,1.0,1.0,6000,60,60,60.0,0.0,60.0,1.6839504241943358e-05,100,0.0
32.8,6,128.4,281.3175492135887,0.0,0.1,0.0,0.3,1.0,0.0,0.0,10,1,0,0,0.1,0.9,0.0,0.0,0.0,0.0,0.0,1.0,0.0,0.0,0.0,0.0,0.0,1.0,1.0,1056,66,317,105.6,80.06414095377946,105.6,0.0035657882690429,10,6410.2666666666655
26.4,6,109.7,451.6074293405114,0.0,0.0,0.0,0.0,0.8,0.0,0.0,8,0,0,0,0.0,0.8,0.0,0.0,0.0,0.0,0.0,0.8,0.1,0.0,0.1,0.0,0.0,0.9,0.9,2250,60,1514,225.0,455.31844778011015,225.0,0.0034224987030029,10,207314.88888888888
27.2,6,106.9,53.91011519013699,0.0,0.1,0.0,0.2,0.7,0.0,0.0,7,1,0,0,0.1,0.7,0.1,0.0,0.0,0.0,0.0,0.8,0.1,0.0,0.1,0.0,0.0,0.9,0.9,974,60,284,97.4,71.39903516310441,97.4,0.0217535018920898,10,5097.822222222221
20.48,6,66.32,13213.735744439544,0.02,0.0,0.0,0.0,0.04,0.0,0.0,4,0,2,0,0.0,0.04,0.0,0.0,0.0,0.0,0.0,1.0,0.0,0.0,0.0,0.0,0.0,1.0,1.0,6024,60,66,60.24,1.181678313401595,60.24,7.570028305053711e-05,100,1.3963636363636378
24.0,6,117.4,54.77172918035099,0.0,0.0,0.0,0.4,0.7,0.0,0.0,7,0,0,0,0.0,0.6,0.0,0.0,0.0,0.0,0.0,0.7,0.2,0.0,0.0,0.1,0.0,1.0,1.0,1561,66,367,156.1,96.40476014065788,156.1,0.019676399230957,10,9293.877777777778
32.8,6,134.3,407.6136794332306,0.0,0.1,0.0,0.6,1.0,0.0,0.0,10,1,0,0,0.0,1.0,0.0,0.0,0.0,0.0,0.0,1.0,0.0,0.0,0.0,0.0,0.0,1.0,1.0,2564,66,573,256.4,202.5258282568204,256.4,0.0048255920410156,10,41016.71111111111
20.0,6,64.0,50255.26000479271,0.0,1.0,0.0,0.0,0.0,0.0,0.0,0,100,0,0,0.0,0.0,0.0,0.0,0.0,0.0,0.0,1.0,0.0,0.0,0.0,0.0,0.0,1.0,1.0,6000,60,60,60.0,0.0,60.0,1.9898414611816405e-05,100,0.0
20.0,6,64.0,6680.849301540275,0.0,1.0,0.0,0.0,0.0,0.0,0.0,0,100,0,0,0.0,0.0,0.0,0.0,0.0,0.0,0.0,1.0,0.0,0.0,0.0,0.0,0.0,1.0,1.0,6000,60,60,60.0,0.0,60.0,0.0001496911048889,100,0.0
20.04,6,62.72,2149.150701215919,0.0,0.97,0.0,0.0,0.14,0.0,0.0,14,97,0,0,0.0,0.0,0.01,0.0,0.0,0.0,0.0,0.97,0.01,0.0,0.02,0.0,0.0,0.98,0.98,6014,60,74,60.14,1.3999999999999997,60.14,0.0004653000831604,100,1.959999999999999
58.4,6,64.0,11172.892914224827,0.0,0.0,0.0,0.0,1.0,0.0,0.0,10,0,0,0,1.0,0.0,0.0,0.0,0.0,0.0,0.0,1.0,0.0,0.0,0.0,0.0,0.0,1.0,1.0,924,86,94,92.4,3.3730961708462712,92.4,0.000130009651184,10,11.377777777777778
20.0,6,64.0,8329.137955001292,0.0,0.0,0.0,0.0,0.0,0.0,0.0,0,0,0,0,0.0,0.0,0.0,0.0,0.0,0.0,0.0,1.0,0.0,0.0,0.0,0.0,0.0,1.0,1.0,6000,60,60,60.0,0.0,60.0,0.0001200604438781,100,0.0
20.04,6,64.0,32288.714395688992,0.0,1.0,0.0,0.0,0.01,0.0,0.0,1,100,0,0,0.0,0.0,0.0,0.0,0.0,0.0,0.0,1.0,0.0,0.0,0.0,0.0,0.0,1.0,1.0,6000,60,60,60.0,0.0,60.0,3.831148147583008e-05,100,0.0
22.28,6,64.0,26588.29793977813,0.0,1.0,0.0,0.0,0.57,0.0,0.0,57,100,0,0,0.0,0.0,0.0,0.0,0.0,0.0,0.0,1.0,0.0,0.0,0.0,0.0,0.0,1.0,1.0,6000,60,60,60.0,0.0,60.0,3.7620067596435545e-05,100,0.0
20.0,6,64.0,151091.64265129683,0.0,0.0,0.0,0.0,0.0,0.0,0.0,0,0,0,0,0.0,0.0,0.0,0.0,0.0,0.0,0.0,1.0,0.0,0.0,0.0,0.0,0.0,1.0,1.0,6000,60,60,60.0,0.0,60.0,6.630420684814453e-06,100,0.0
19.88,6,64.0,19984.29578806937,0.0,0.99,0.0,0.0,0.0,0.0,0.0,0,99,0,0,0.0,0.0,0.01,0.0,0.0,0.0,0.0,0.99,0.01,0.0,0.0,0.0,0.0,1.0,1.0,6010,60,70,60.1,1.0000000000000009,60.1,5.0039291381835936e-05,100,1.0000000000000018
20.0,6,64.0,5283.696555894283,0.0,1.0,0.0,0.0,0.0,0.0,0.0,0,100,0,0,0.0,0.0,0.0,0.0,0.0,0.0,0.0,1.0,0.0,0.0,0.0,0.0,0.0,1.0,1.0,6000,60,60,60.0,0.0,60.0,0.0001892614364624,100,0.0
20.0,6,64.0,71795.68640876412,0.0,0.0,0.0,0.0,0.0,0.0,0.0,0,0,0,0,0.0,0.0,0.0,0.0,0.0,0.0,0.0,1.0,0.0,0.0,0.0,0.0,0.0,1.0,1.0,6000,60,60,60.0,0.0,60.0,1.394033432006836e-05,100,0.0
20.0,6,64.0,22222.65550492741,0.0,0.0,0.0,0.0,0.0,0.0,0.0,0,0,0,0,0.0,0.0,0.0,0.0,0.0,0.0,0.0,1.0,0.0,0.0,0.0,0.0,0.0,1.0,1.0,6000,60,60,60.0,0.0,60.0,4.499912261962891e-05,100,0.0
20.0,6,64.0,27771.330199298154,0.0,0.9,0.1,0.0,0.0,0.0,0.0,0,90,0,10,0.0,0.0,0.0,0.0,0.0,0.0,0.0,1.0,0.0,0.0,0.0,0.0,0.0,1.0,1.0,6000,60,60,60.0,0.0,60.0,3.640890121459961e-05,100,0.0
24.8,6,83.1,129.19384448578785,0.0,0.0,0.0,0.2,0.7,0.0,0.0,7,0,0,0,0.0,0.7,0.0,0.0,0.0,0.0,0.0,0.7,0.3,0.0,0.0,0.0,0.0,1.0,1.0,15087,90,5858,1508.7,1775.7951614855683,1508.7,0.0077407121658325,10,3153448.4555555563
32.0,6,164.2,1643.6648640175565,0.0,0.0,0.0,0.0,1.0,0.0,0.0,10,0,0,0,0.0,1.0,0.0,0.0,0.0,0.0,0.0,1.0,0.0,0.0,0.0,0.0,0.0,1.0,1.0,6452,66,1514,645.2,747.7439847077786,645.2,0.0007264852523803,10,559121.0666666667
20.0,6,64.0,36941.20133873525,0.0,1.0,0.0,0.0,0.0,0.0,0.0,0,100,0,0,0.0,0.0,0.0,0.0,0.0,0.0,0.0,1.0,0.0,0.0,0.0,0.0,0.0,1.0,1.0,6000,60,60,60.0,0.0,60.0,2.7070045471191408e-05,100,0.0
20.0,6,63.66,43160.15641078411,0.0,0.0,0.0,0.02,0.02,0.0,0.0,2,0,0,0,0.0,0.0,0.0,0.0,0.0,0.0,0.0,1.0,0.0,0.0,0.0,0.0,0.0,1.0,1.0,6036,60,78,60.36,2.5326952944532115,60.36,2.3179054260253903e-05,100,6.414545454545441
20.0,6,64.0,34735.43685300207,0.0,1.0,0.0,0.0,0.0,0.0,0.0,0,100,0,0,0.0,0.0,0.0,0.0,0.0,0.0,0.0,1.0,0.0,0.0,0.0,0.0,0.0,1.0,1.0,6000,60,60,60.0,0.0,60.0,2.8789043426513672e-05,100,0.0
20.0,6,64.0,15659.15251073362,0.0,1.0,0.0,0.0,0.0,0.0,0.0,0,100,0,0,0.0,0.0,0.0,0.0,0.0,0.0,0.0,1.0,0.0,0.0,0.0,0.0,0.0,1.0,1.0,6000,60,60,60.0,0.0,60.0,6.386041641235352e-05,100,0.0
39.6,6,64.0,332881.2698412698,0.0,0.0,0.0,0.0,1.0,0.0,0.0,10,0,0,0,0.0,1.0,0.0,0.0,0.0,0.0,0.0,1.0,0.0,0.0,0.0,0.0,0.0,1.0,1.0,736,66,86,73.6,8.527081042837057,73.6,3.0994415283203125e-06,10,72.71111111111111
20.0,6,64.0,26294.92821766661,0.0,1.0,0.0,0.0,0.0,0.0,0.0,0,100,0,0,0.0,0.0,0.0,0.0,0.0,0.0,0.0,1.0,0.0,0.0,0.0,0.0,0.0,1.0,1.0,6000,60,60,60.0,0.0,60.0,3.803014755249023e-05,100,0.0
15.2,17,77.1,59.173048164555176,0.0,0.0,0.0,0.1,0.3,0.0,0.0,3,0,0,0,0.0,0.3,0.0,0.0,0.0,0.0,0.0,0.3,0.7,0.0,0.0,0.0,0.0,1.0,1.0,968,60,230,96.8,55.12168357370808,96.8,0.0173251867294311,10,3038.4
20.0,6,64.0,65741.44200626959,0.0,0.0,0.0,0.0,0.0,0.0,0.0,0,0,0,0,0.0,0.0,0.0,0.0,0.0,0.0,0.0,1.0,0.0,0.0,0.0,0.0,0.0,1.0,1.0,6000,60,60,60.0,0.0,60.0,1.5211105346679689e-05,100,0.0
21.2,6,119.5,182.21922938235025,0.0,0.0,0.1,0.2,0.6,0.0,0.0,6,0,0,1,0.0,0.5,0.0,0.0,0.0,0.0,0.0,0.6,0.4,0.0,0.0,0.0,0.0,1.0,1.0,866,60,194,86.6,41.828220139040106,86.6,0.005488109588623,10,1749.6
32.0,6,64.0,2653.2793522267207,0.0,0.0,0.0,0.1,1.0,0.0,0.0,10,0,0,0,0.0,1.0,0.0,0.0,0.0,0.0,0.0,1.0,0.0,0.0,0.0,0.0,0.0,1.0,1.0,15625,1514,1999,1562.5,153.3704665181664,1562.5,0.000420594215393,10,23522.5
19.88,6,64.0,31182.097985279903,0.0,0.99,0.0,0.0,0.0,0.0,0.0,0,99,0,0,0.0,0.0,0.0,0.0,0.0,0.0,0.0,0.99,0.01,0.0,0.0,0.0,0.0,1.0,1.0,6000,60,60,60.0,0.0,60.0,3.206968307495117e-05,100,0.0
20.0,6,64.0,21612.32544958005,0.0,1.0,0.0,0.0,0.0,0.0,0.0,0,100,0,0,0.0,0.0,0.0,0.0,0.0,0.0,0.0,1.0,0.0,0.0,0.0,0.0,0.0,1.0,1.0,6000,60,60,60.0,0.0,60.0,4.626989364624023e-05,100,0.0
32.8,6,212.9,259.0931778310395,0.0,0.1,0.0,0.0,1.0,0.0,0.0,10,1,0,0,0.1,0.9,0.0,0.0,0.0,0.0,0.0,1.0,0.0,0.0,0.0,0.0,0.0,1.0,1.0,668,66,74,66.8,2.529822128134703,66.8,0.0038597106933593,10,6.399999999999999
48.0,6,87.6,15477.136531365311,0.0,0.0,0.0,0.3,1.0,0.0,0.0,10,0,0,0,1.0,0.0,0.0,0.0,0.0,0.0,0.0,1.0,0.0,0.0,0.0,0.0,0.0,1.0,1.0,9196,86,2858,919.6,1164.576718526235,919.6,7.669925689697265e-05,10,1356238.9333333336
20.0,6,64.0,32448.584248800867,0.0,1.0,0.0,0.0,0.0,0.0,0.0,0,100,0,0,0.0,0.0,0.0,0.0,0.0,0.0,0.0,1.0,0.0,0.0,0.0,0.0,0.0,1.0,1.0,6000,60,60,60.0,0.0,60.0,3.082990646362305e-05,100,0.0
43.2,6,99.4,14141.281186783546,0.0,0.0,0.0,0.2,1.0,0.0,0.0,10,0,0,0,1.0,0.0,0.0,0.0,0.0,0.0,0.0,1.0,0.0,0.0,0.0,0.0,0.0,1.0,1.0,13336,94,2858,1333.6,1209.5581562427387,1333.6,7.340908050537109e-05,10,1463030.933333333
28.4,6,147.4,132.3963775138179,0.0,0.0,0.0,0.3,1.0,0.0,0.0,10,0,0,0,0.0,0.7,0.0,0.0,0.0,0.0,0.0,1.0,0.0,0.0,0.0,0.0,0.0,1.0,1.0,1541,60,739,154.1,210.70909382896176,154.1,0.0075984954833984,10,44398.3222222222
20.0,6,64.0,18914.561443066515,0.0,0.84,0.16,0.0,0.0,0.0,0.0,0,84,0,16,0.0,0.0,0.0,0.0,0.0,0.0,0.0,1.0,0.0,0.0,0.0,0.0,0.0,1.0,1.0,6000,60,60,60.0,0.0,60.0,5.286931991577149e-05,100,0.0
20.24,6,65.73,10659.7809235774,0.0,0.97,0.0,0.01,0.03,0.0,0.0,3,97,0,0,0.0,0.02,0.0,0.0,0.0,0.0,0.0,0.99,0.0,0.0,0.0,0.01,0.0,1.0,1.0,6207,60,174,62.07,13.532045766485645,62.07,9.38105583190918e-05,100,183.116262626262
20.0,6,64.0,11481.17814518778,0.0,1.0,0.0,0.0,0.0,0.0,0.0,0,100,0,0,0.0,0.0,0.0,0.0,0.0,0.0,0.0,1.0,0.0,0.0,0.0,0.0,0.0,1.0,1.0,6000,60,60,60.0,0.0,60.0,8.710861206054688e-05,100,0.0
20.12,6,64.0,17027.174927942193,0.0,0.99,0.0,0.01,0.01,0.0,0.0,1,99,0,0,0.0,0.0,0.0,0.0,0.0,0.0,0.0,1.0,0.0,0.0,0.0,0.0,0.0,1.0,1.0,6727,60,787,67.27,72.69999999999999,67.27,5.872964859008789e-05,100,5285.289999999999
30.8,6,82.6,1361.8312282866327,0.0,0.0,0.0,0.1,1.0,0.0,0.0,10,0,0,0,0.0,0.9,0.0,0.0,0.0,0.0,0.0,1.0,0.0,0.0,0.0,0.0,0.0,1.0,1.0,13749,66,2962,1374.9,812.0482265372065,1374.9,0.0012482166290283,10,659422.3222222221
20.0,6,64.0,8111.675401783124,0.0,1.0,0.0,0.0,0.0,0.0,0.0,0,100,0,0,0.0,0.0,0.0,0.0,0.0,0.0,0.0,1.0,0.0,0.0,0.0,0.0,0.0,1.0,1.0,6000,60,60,60.0,0.0,60.0,0.000123279094696,100,0.0
20.0,6,64.0,80258.4003061615,0.0,0.0,0.0,0.0,0.0,0.0,0.0,0,0,0,0,0.0,0.0,0.0,0.0,0.0,0.0,0.0,1.0,0.0,0.0,0.0,0.0,0.0,1.0,1.0,6000,60,60,60.0,0.0,60.0,1.2459754943847656e-05,100,0.0
29.6,6,234.3,3038.4700086931325,0.0,0.0,0.0,0.0,0.9,0.0,0.0,9,0,0,0,0.0,0.9,0.0,0.0,0.0,0.0,0.0,0.9,0.1,0.0,0.0,0.0,0.0,1.0,1.0,824,66,230,82.4,51.86135362676141,82.4,0.0004553079605102,10,2689.5999999999995
32.0,6,197.6,513.3975543777617,0.0,0.0,0.0,0.0,1.0,0.0,0.0,10,0,0,0,0.0,1.0,0.0,0.0,0.0,0.0,0.0,1.0,0.0,0.0,0.0,0.0,0.0,1.0,1.0,3556,66,1514,355.6,610.5304069231752,355.6,0.0020055055618286,10,372747.3777777779
20.0,6,64.0,42141.10318496935,0.0,0.0,0.0,0.0,0.0,0.0,0.0,0,0,0,0,0.0,0.0,0.0,0.0,0.0,0.0,0.0,1.0,0.0,0.0,0.0,0.0,0.0,1.0,1.0,6000,60,60,60.0,0.0,60.0,2.372980117797852e-05,100,0.0
20.0,6,64.0,41339.483540311456,0.0,1.0,0.0,0.0,0.0,0.0,0.0,0,100,0,0,0.0,0.0,0.0,0.0,0.0,0.0,0.0,1.0,0.0,0.0,0.0,0.0,0.0,1.0,1.0,6000,60,60,60.0,0.0,60.0,2.418994903564453e-05,100,0.0
20.0,6,64.0,49090.636704119854,0.0,1.0,0.0,0.0,0.0,0.0,0.0,0,100,0,0,0.0,0.0,0.0,0.0,0.0,0.0,0.0,1.0,0.0,0.0,0.0,0.0,0.0,1.0,1.0,6000,60,60,60.0,0.0,60.0,2.03704833984375e-05,100,0.0
20.0,6,64.0,24485.137186223,0.0,0.0,0.0,0.0,0.0,0.0,0.0,0,0,0,0,1.0,0.0,0.0,0.0,0.0,0.0,0.0,1.0,0.0,0.0,0.0,0.0,0.0,1.0,1.0,6000,60,60,60.0,0.0,60.0,4.084110260009766e-05,100,0.0
20.0,6,59.7,234.95658603806984,0.1,0.0,0.0,0.2,0.5,0.0,0.0,5,0,1,0,0.0,0.5,0.0,0.0,0.0,0.0,0.0,0.5,0.5,0.0,0.0,0.0,0.0,1.0,1.0,1006,60,339,100.6,88.72579482127318,100.6,0.0051427125930786,10,7872.266666666667
34.8,6,93.5,20620.96361848574,0.0,0.0,0.0,0.3,1.0,0.0,0.0,10,0,0,0,1.0,0.0,0.0,0.0,0.0,0.0,0.0,1.0,0.0,0.0,0.0,0.0,0.0,1.0,1.0,9064,66,2858,906.4,973.4583481359414,906.4,7.200241088867188e-05,10,947621.1555555556
12.8,17,82.7,149.37192837504807,0.0,0.0,0.0,0.0,0.2,0.0,0.0,2,0,0,0,0.0,0.2,0.0,0.0,0.0,0.0,0.0,0.2,0.8,0.0,0.0,0.0,0.0,1.0,1.0,766,60,214,76.6,48.34183833216663,76.6,0.0071675062179565,10,2336.9333333333348
20.0,6,64.0,14839.214576331153,0.0,0.0,0.0,0.0,0.0,0.0,0.0,0,0,0,0,1.0,0.0,0.0,0.0,0.0,0.0,0.0,1.0,0.0,0.0,0.0,0.0,0.0,1.0,1.0,6000,60,60,60.0,0.0,60.0,6.738901138305664e-05,100,0.0
20.0,6,64.0,24868.397960393693,0.0,1.0,0.0,0.0,0.0,0.0,0.0,0,100,0,0,0.0,0.0,0.0,0.0,0.0,0.0,0.0,1.0,0.0,0.0,0.0,0.0,0.0,1.0,1.0,6000,60,60,60.0,0.0,60.0,4.022121429443359e-05,100,0.0
35.2,6,93.5,12885.726574500768,0.0,0.0,0.0,0.1,1.0,0.0,0.0,10,0,0,0,1.0,0.0,0.0,0.0,0.0,0.0,0.0,1.0,0.0,0.0,0.0,0.0,0.0,1.0,1.0,9068,66,2858,906.8,973.060783758594,906.8,7.781982421875e-05,10,946847.2888888888
32.0,6,164.8,875.8021340126537,0.0,0.0,0.0,0.0,1.0,0.0,0.0,10,0,0,0,0.0,1.0,0.0,0.0,0.0,0.0,0.0,1.0,0.0,0.0,0.0,0.0,0.0,1.0,1.0,6452,66,1514,645.2,747.7439847077786,645.2,0.0011420965194702,10,559121.0666666667
20.56,6,63.57,3660.334415471079,0.01,0.97,0.0,0.01,0.03,0.0,0.0,3,97,1,0,0.0,0.03,0.0,0.0,0.0,0.0,0.0,1.0,0.0,0.0,0.0,0.0,0.0,1.0,1.0,6039,60,74,60.39,2.064099089313556,60.39,0.0002732110023498,100,4.26050505050505
19.8,6,63.36,26462.485804416403,0.0,0.99,0.0,0.0,0.0,0.0,0.0,0,99,0,0,0.0,0.0,0.0,0.0,0.0,0.0,0.0,0.99,0.0,0.0,0.01,0.0,0.0,0.99,0.99,6000,60,60,60.0,0.0,60.0,3.873825073242187e-05,100,0.0
28.8,6,191.2,1351.3448031445323,0.0,0.0,0.0,0.1,0.9,0.0,0.0,9,0,0,0,0.0,0.9,0.0,0.0,0.0,0.0,0.0,0.9,0.0,0.0,0.1,0.0,0.0,0.9,0.9,744,60,156,74.4,28.73325599370876,74.4,0.000740098953247,10,825.6000000000003
20.0,6,64.0,57836.514065085496,0.0,0.0,0.0,0.0,0.0,0.0,0.0,0,0,0,0,0.0,0.0,0.0,0.0,0.0,0.0,0.0,1.0,0.0,0.0,0.0,0.0,0.0,1.0,1.0,6000,60,60,60.0,0.0,60.0,1.729011535644531e-05,100,0.0
28.8,6,79.3,97.20264842955172,0.1,0.0,0.0,0.1,0.9,0.0,0.0,9,0,1,0,0.0,0.9,0.0,0.0,0.0,0.0,0.0,0.9,0.0,0.0,0.0,0.1,0.0,1.0,1.0,11874,66,2882,1187.4,888.2022042055264,1187.4,0.0102878808975219,10,788903.1555555556
20.0,6,64.0,29965.73551475316,0.0,1.0,0.0,0.0,0.0,0.0,0.0,0,100,0,0,0.0,0.0,0.0,0.0,0.0,0.0,0.0,1.0,0.0,0.0,0.0,0.0,0.0,1.0,1.0,6000,60,60,60.0,0.0,60.0,3.33714485168457e-05,100,0.0
20.0,6,64.0,14169.945945945949,0.0,1.0,0.0,0.0,0.0,0.0,0.0,0,100,0,0,0.0,0.0,0.0,0.0,0.0,0.0,0.0,1.0,0.0,0.0,0.0,0.0,0.0,1.0,1.0,6000,60,60,60.0,0.0,60.0,7.05718994140625e-05,100,0.0
26.4,6,143.5,384.55509814887824,0.0,0.0,0.0,0.0,0.8,0.0,0.0,8,0,0,0,0.0,0.8,0.0,0.0,0.0,0.0,0.0,0.8,0.1,0.0,0.1,0.0,0.0,0.9,0.9,6610,60,1514,661.0,735.8666847858909,661.0,0.0026533126831054,10,541499.7777777778
20.0,6,64.0,17645.368111064367,0.0,1.0,0.0,0.0,0.0,0.0,0.0,0,100,0,0,0.0,0.0,0.0,0.0,0.0,0.0,0.0,1.0,0.0,0.0,0.0,0.0,0.0,1.0,1.0,6000,60,60,60.0,0.0,60.0,5.667209625244141e-05,100,0.0
20.0,6,64.0,24783.171826991256,0.0,1.0,0.0,0.0,0.0,0.0,0.0,0,100,0,0,0.0,0.0,0.0,0.0,0.0,0.0,0.0,1.0,0.0,0.0,0.0,0.0,0.0,1.0,1.0,6000,60,60,60.0,0.0,60.0,4.03594970703125e-05,100,0.0
20.0,6,64.0,31378.050422682725,0.0,1.0,0.0,0.0,0.0,0.0,0.0,0,100,0,0,0.0,0.0,0.0,0.0,0.0,0.0,0.0,1.0,0.0,0.0,0.0,0.0,0.0,1.0,1.0,6000,60,60,60.0,0.0,60.0,3.1869411468505856e-05,100,0.0
26.8,6,186.2,109.49327137692036,0.0,0.1,0.0,0.1,0.8,0.0,0.0,8,1,0,0,0.1,0.6,0.0,0.0,0.0,0.0,0.0,0.8,0.2,0.0,0.0,0.0,0.0,1.0,1.0,1064,60,230,106.4,67.22962310040288,106.4,0.009890604019165,10,4519.822222222224
20.12,6,65.69,25987.013630731104,0.0,0.0,0.0,0.01,0.01,0.0,0.0,1,0,0,0,0.99,0.01,0.0,0.0,0.0,0.0,0.0,1.0,0.0,0.0,0.0,0.0,0.0,1.0,1.0,7094,60,1154,70.94,109.40000000000042,70.94,3.848075866699219e-05,100,11968.360000000092
20.0,6,64.0,58546.95700725851,0.0,0.0,0.0,0.0,0.0,0.0,0.0,0,0,0,0,0.0,0.0,0.0,0.0,0.0,0.0,0.0,1.0,0.0,0.0,0.0,0.0,0.0,1.0,1.0,6000,60,60,60.0,0.0,60.0,1.7080307006835938e-05,100,0.0
20.0,6,64.0,74182.95012380615,0.0,0.0,0.0,0.0,0.0,0.0,0.0,0,0,0,0,0.0,0.0,0.0,0.0,0.0,0.0,0.0,1.0,0.0,0.0,0.0,0.0,0.0,1.0,1.0,6000,60,60,60.0,0.0,60.0,1.3871192932128906e-05,100,0.0
26.8,6,94.3,99.01170160782029,0.0,0.1,0.0,0.5,0.8,0.0,0.0,8,1,0,0,0.1,0.4,0.0,0.0,0.0,0.0,0.0,0.8,0.2,0.0,0.0,0.0,0.0,1.0,1.0,5937,66,2962,593.7,907.4693811792098,593.7,0.0108994007110595,10,823500.6777777779
20.0,6,64.0,33945.48397539657,0.0,0.0,0.0,0.0,0.0,0.0,0.0,0,0,0,0,0.0,0.0,0.0,0.0,0.0,0.0,0.0,1.0,0.0,0.0,0.0,0.0,0.0,1.0,1.0,6000,60,60,60.0,0.0,60.0,2.9458999633789063e-05,100,0.0
20.0,6,64.0,108351.95040041332,0.0,0.0,0.0,0.0,0.0,0.0,0.0,0,0,0,0,0.0,0.0,0.0,0.0,0.0,0.0,0.0,1.0,0.0,0.0,0.0,0.0,0.0,1.0,1.0,6000,60,60,60.0,0.0,60.0,9.229183197021485e-06,100,0.0
20.12,6,64.0,32194.53484801965,0.0,0.0,0.0,0.0,0.01,0.0,0.0,1,0,0,0,0.99,0.0,0.0,0.0,0.0,0.0,0.0,1.0,0.0,0.0,0.0,0.0,0.0,1.0,1.0,6006,60,66,60.06,0.5999999999999992,60.06,4.900217056274414e-05,100,0.3599999999999991
20.8,6,69.1,223.76901285218125,0.0,0.0,0.0,0.1,0.6,0.0,0.0,6,0,0,0,0.0,0.6,0.2,0.0,0.0,0.0,0.0,0.6,0.2,0.0,0.0,0.2,0.0,1.0,1.0,6759,66,1514,675.9,722.3531684709357,675.9,0.0048117876052856,10,521794.0999999999
20.04,6,64.0,52167.96019900498,0.0,1.0,0.0,0.0,0.01,0.0,0.0,1,100,0,0,0.0,0.0,0.0,0.0,0.0,0.0,0.0,1.0,0.0,0.0,0.0,0.0,0.0,1.0,1.0,6000,60,60,60.0,0.0,60.0,1.925945281982422e-05,100,0.0
24.8,6,118.5,176.66624546151448,0.0,0.0,0.0,0.4,0.7,0.0,0.0,7,0,0,0,0.0,0.7,0.1,0.0,0.0,0.0,0.0,0.7,0.3,0.0,0.0,0.0,0.0,1.0,1.0,7432,66,3092,743.2,1206.8946193525856,743.2,0.0132416009902954,10,1456594.6222222222
20.0,6,64.0,46402.30113950658,0.0,1.0,0.0,0.0,0.0,0.0,0.0,0,100,0,0,0.0,0.0,0.0,0.0,0.0,0.0,0.0,1.0,0.0,0.0,0.0,0.0,0.0,1.0,1.0,6000,60,60,60.0,0.0,60.0,2.1550655364990235e-05,100,0.0
20.0,6,64.0,33101.60208349775,0.0,0.0,0.0,0.0,0.0,0.0,0.0,0,0,0,0,1.0,0.0,0.0,0.0,0.0,0.0,0.0,1.0,0.0,0.0,0.0,0.0,0.0,1.0,1.0,6000,60,60,60.0,0.0,60.0,3.0438899993896485e-05,100,0.0
28.0,6,84.0,120.44429639669649,0.0,0.1,0.0,0.2,0.7,0.0,0.0,7,1,0,0,0.1,0.7,0.1,0.0,0.0,0.0,0.0,0.8,0.2,0.0,0.0,0.0,0.0,1.0,1.0,3073,66,1514,307.3,472.8518795563786,307.3,0.0083275079727172,10,223588.9
20.0,6,64.0,29281.653169505724,0.0,1.0,0.0,0.0,0.0,0.0,0.0,0,100,0,0,0.0,0.0,0.0,0.0,0.0,0.0,0.0,1.0,0.0,0.0,0.0,0.0,0.0,1.0,1.0,6000,60,60,60.0,0.0,60.0,3.4151077270507815e-05,100,0.0
20.0,6,64.0,17146.903233718982,0.0,1.0,0.0,0.0,0.0,0.0,0.0,0,100,0,0,0.0,0.0,0.0,0.0,0.0,0.0,0.0,1.0,0.0,0.0,0.0,0.0,0.0,1.0,1.0,6000,60,60,60.0,0.0,60.0,5.8319568634033206e-05,100,0.0
20.24,6,64.0,5432.684411631371,0.01,0.98,0.0,0.0,0.02,0.0,0.0,2,98,1,0,0.0,0.02,0.0,0.0,0.0,0.0,0.0,1.0,0.0,0.0,0.0,0.0,0.0,1.0,1.0,6012,60,66,60.12,0.8442317648177362,60.12,0.0001840710639953,100,0.7127272727272694
20.0,6,64.0,61428.002343292326,0.0,0.0,0.0,0.0,0.0,0.0,0.0,0,0,0,0,0.0,0.0,0.0,0.0,0.0,0.0,0.0,1.0,0.0,0.0,0.0,0.0,0.0,1.0,1.0,6000,60,60,60.0,0.0,60.0,1.6279220581054688e-05,100,0.0
22.4,6,108.8,850.4093590965309,0.1,0.1,0.0,0.3,0.9,0.0,0.0,9,1,1,0,0.0,0.1,0.0,0.0,0.0,0.0,0.0,1.0,0.0,0.0,0.0,0.0,0.0,1.0,1.0,3854,60,1514,385.4,562.1860506589927,385.4,0.001398491859436,10,316053.1555555555
12.8,17,80.3,129.13219234807133,0.0,0.0,0.0,0.0,0.2,0.0,0.0,2,0,0,0,0.0,0.2,0.1,0.0,0.0,0.0,0.0,0.2,0.8,0.0,0.0,0.0,0.0,1.0,1.0,681,60,129,68.1,21.54298029521449,68.1,0.0080169916152954,10,464.1
20.0,6,64.0,9985.9625732108,0.0,1.0,0.0,0.0,0.0,0.0,0.0,0,100,0,0,0.0,0.0,0.0,0.0,0.0,0.0,0.0,1.0,0.0,0.0,0.0,0.0,0.0,1.0,1.0,6000,60,60,60.0,0.0,60.0,0.0001001405715942,100,0.0
20.0,6,64.0,5493.881721134325,0.0,1.0,0.0,0.0,0.0,0.0,0.0,0,100,0,0,0.0,0.0,0.0,0.0,0.0,0.0,0.0,1.0,0.0,0.0,0.0,0.0,0.0,1.0,1.0,6000,60,60,60.0,0.0,60.0,0.000182020664215,100,0.0
20.0,6,65.91,21276.842692639377,0.0,0.0,0.32,0.0,0.33,0.0,0.0,33,0,0,32,0.99,0.0,0.0,0.0,0.0,0.0,0.0,1.0,0.0,0.0,0.0,0.0,0.0,1.0,1.0,6000,60,60,60.0,0.0,60.0,4.6999454498291015e-05,100,0.0
29.6,6,214.3,485.109355663247,0.0,0.0,0.0,0.0,0.9,0.0,0.0,9,0,0,0,0.0,0.9,0.1,0.0,0.0,0.0,0.0,0.9,0.1,0.0,0.0,0.0,0.0,1.0,1.0,668,66,74,66.8,2.529822128134703,66.8,0.0023902893066406,10,6.399999999999998
20.0,6,64.0,51948.2784245727,0.0,0.0,0.0,0.0,0.0,0.0,0.0,0,0,0,0,1.0,0.0,0.0,0.0,0.0,0.0,0.0,1.0,0.0,0.0,0.0,0.0,0.0,1.0,1.0,6000,60,60,60.0,0.0,60.0,1.9249916076660155e-05,100,0.0
20.0,6,64.0,17108.43530755425,0.0,0.0,0.0,0.0,0.0,0.0,0.0,0,0,0,0,0.0,0.0,0.0,0.0,0.0,0.0,0.0,1.0,0.0,0.0,0.0,0.0,0.0,1.0,1.0,6000,60,60,60.0,0.0,60.0,5.845069885253906e-05,100,0.0
30.4,6,102.0,89.47676737939965,0.0,0.1,0.0,0.5,1.0,0.0,0.0,10,1,0,0,0.2,0.6,0.0,0.0,0.0,0.0,0.0,1.0,0.0,0.0,0.0,0.0,0.0,1.0,1.0,3259,66,2245,325.9,676.2485489818073,325.9,0.0111763954162597,10,457312.0999999999
20.48,6,63.68,20308.449135718784,0.0,0.0,0.35,0.0,0.37,0.0,0.0,37,0,0,35,0.98,0.02,0.0,0.0,0.0,0.0,0.0,1.0,0.0,0.0,0.0,0.0,0.0,1.0,1.0,6036,60,78,60.36,2.5326952944532124,60.36,4.92405891418457e-05,100,6.414545454545445
19.88,6,64.49,8380.73011369313,0.0,0.99,0.0,0.0,0.0,0.0,0.0,0,99,0,0,0.0,0.0,0.0,0.0,0.0,0.0,0.0,0.99,0.01,0.0,0.0,0.0,0.0,1.0,1.0,6000,60,60,60.0,0.0,60.0,0.0001193213462829,100,0.0
32.0,6,105.3,9470.092571686611,0.0,0.0,0.0,0.1,1.0,0.0,0.0,10,0,0,0,1.0,0.0,0.0,0.0,0.0,0.0,0.0,1.0,0.0,0.0,0.0,0.0,0.0,1.0,1.0,11828,66,2858,1182.8,882.9079227190115,1182.8,0.0001056909561157,10,779526.4
18.4,17,80.2,118.50157510347653,0.1,0.1,0.0,0.0,0.4,0.0,0.0,4,1,1,0,0.1,0.3,0.0,0.0,0.0,0.0,0.0,0.4,0.6,0.0,0.0,0.0,0.0,1.0,1.0,802,60,230,80.2,52.83475287262269,80.2,0.0107589960098266,10,2791.511111111112
27.2,6,167.1,361.5187167619097,0.0,0.0,0.0,0.0,0.8,0.0,0.0,8,0,0,0,0.0,0.8,0.0,0.0,0.0,0.0,0.0,0.8,0.2,0.0,0.0,0.0,0.0,1.0,1.0,9506,60,4410,950.6,1547.6008816516255,950.6,0.0027661085128784,10,2395068.488888889
30.4,6,98.5,64.03400243048982,0.1,0.1,0.0,0.1,0.9,0.0,0.0,9,1,1,0,0.2,0.7,0.1,0.0,0.0,0.0,0.0,0.9,0.1,0.0,0.0,0.0,0.0,1.0,1.0,939,66,317,93.9,78.65600210197992,93.9,0.0156167984008789,10,6186.766666666669
20.0,6,64.0,55311.934590531455,0.0,0.0,0.0,0.0,0.0,0.0,0.0,0,0,0,0,0.0,0.0,0.0,0.0,0.0,0.0,0.0,1.0,0.0,0.0,0.0,0.0,0.0,1.0,1.0,6000,60,60,60.0,0.0,60.0,1.8570423126220703e-05,100,0.0
19.8,6,64.0,7501.348499481346,0.0,0.99,0.0,0.0,0.0,0.0,0.0,0,99,0,0,0.0,0.0,0.0,0.0,0.0,0.0,0.0,0.99,0.0,0.0,0.0,0.01,0.0,1.0,1.0,6038,60,98,60.38,3.799999999999991,60.38,0.0001346087455749,100,14.43999999999993
19.8,6,62.67,4882.093304776981,0.0,0.98,0.0,0.0,0.01,0.0,0.0,1,98,0,0,0.0,0.01,0.0,0.0,0.0,0.0,0.0,0.98,0.0,0.0,0.02,0.0,0.0,0.98,0.98,6014,60,74,60.14,1.3999999999999997,60.14,0.0002048301696777,100,1.9599999999999984
20.0,6,64.0,10861.289069580756,0.0,0.0,0.03,0.0,0.03,0.0,0.0,3,0,0,3,1.0,0.0,0.0,0.0,0.0,0.0,0.0,1.0,0.0,0.0,0.0,0.0,0.0,1.0,1.0,6000,60,60,60.0,0.0,60.0,9.20701026916504e-05,100,0.0
20.0,6,64.0,97451.30111524164,0.0,1.0,0.0,0.0,0.0,0.0,0.0,0,100,0,0,0.0,0.0,0.0,0.0,0.0,0.0,0.0,1.0,0.0,0.0,0.0,0.0,0.0,1.0,1.0,6000,60,60,60.0,0.0,60.0,1.026153564453125e-05,100,0.0
19.76,6,64.0,7071.713510141458,0.0,0.0,0.0,0.0,0.0,0.0,0.0,0,0,0,0,0.0,0.0,0.0,0.0,0.0,0.0,0.0,0.98,0.02,0.0,0.0,0.0,0.0,1.0,1.0,6000,60,60,60.0,0.0,60.0,0.0001414084434509,100,0.0
30.0,6,89.9,73.03854184261805,0.0,0.0,0.0,0.3,0.9,0.0,0.0,9,0,0,0,0.0,0.9,0.0,0.0,0.0,0.0,0.0,0.9,0.0,0.0,0.1,0.0,0.0,0.9,0.9,3789,60,1514,378.9,599.3452816754851,378.9,0.0148468971252441,10,359214.7666666666
20.0,6,64.0,32615.116640746503,0.0,1.0,0.0,0.0,0.0,0.0,0.0,0,100,0,0,0.0,0.0,0.0,0.0,0.0,0.0,0.0,1.0,0.0,0.0,0.0,0.0,0.0,1.0,1.0,6000,60,60,60.0,0.0,60.0,3.0660629272460936e-05,100,0.0
20.2,6,64.0,16686.441756842774,0.0,1.0,0.0,0.0,0.0,0.0,0.0,0,100,0,0,0.0,0.01,0.0,0.0,0.0,0.0,0.0,1.0,0.0,0.0,0.0,0.0,0.0,1.0,1.0,6014,60,74,60.14,1.399999999999999,60.14,5.992889404296875e-05,100,1.959999999999997
22.4,6,159.8,160.9010419064279,0.1,0.0,0.0,0.1,0.6,0.0,0.0,6,0,1,0,0.0,0.6,0.1,0.0,0.0,0.0,0.0,0.6,0.4,0.0,0.0,0.0,0.0,1.0,1.0,1169,60,573,116.9,160.43305976844883,116.9,0.0067103147506713,10,25738.76666666667
20.0,6,64.0,75983.76811594203,0.0,1.0,0.0,0.0,0.0,0.0,0.0,0,100,0,0,0.0,0.0,0.0,0.0,0.0,0.0,0.0,1.0,0.0,0.0,0.0,0.0,0.0,1.0,1.0,6000,60,60,60.0,0.0,60.0,1.316070556640625e-05,100,0.0
20.0,6,64.0,42409.54499494439,0.0,1.0,0.0,0.0,0.0,0.0,0.0,0,100,0,0,0.0,0.0,0.0,0.0,0.0,0.0,0.0,1.0,0.0,0.0,0.0,0.0,0.0,1.0,1.0,6000,60,60,60.0,0.0,60.0,2.3579597473144533e-05,100,0.0
20.0,6,64.0,14693.140895396904,0.0,0.0,0.0,0.0,0.0,0.0,0.0,0,0,0,0,0.0,0.0,0.0,0.0,0.0,0.0,0.0,1.0,0.0,0.0,0.0,0.0,0.0,1.0,1.0,6000,60,60,60.0,0.0,60.0,6.805896759033203e-05,100,0.0
20.0,6,64.0,11013.007745831692,0.0,1.0,0.0,0.0,0.0,0.0,0.0,0,100,0,0,0.0,0.0,0.0,0.0,0.0,0.0,0.0,1.0,0.0,0.0,0.0,0.0,0.0,1.0,1.0,6000,60,60,60.0,0.0,60.0,9.080171585083008e-05,100,0.0
20.0,6,64.0,14019.332843104485,0.0,1.0,0.0,0.0,0.0,0.0,0.0,0,100,0,0,0.0,0.0,0.0,0.01,0.01,0.01,0.01,1.0,0.0,0.0,0.0,0.0,0.0,1.0,1.0,6000,60,60,60.0,0.0,60.0,7.133007049560547e-05,100,0.0
14.4,17,74.9,109.32802285452138,0.0,0.1,0.0,0.1,0.3,0.0,0.0,3,1,0,0,0.3,0.0,0.5,0.0,0.0,0.0,0.0,0.3,0.5,0.0,0.0,0.2,0.0,1.0,1.0,1510,66,357,151.0,97.25224933131366,151.0,0.0098789930343627,10,9458.0
28.4,6,128.1,519.5085216012683,0.0,0.0,0.1,0.4,0.9,0.0,0.0,9,0,0,1,0.0,0.8,0.0,0.0,0.0,0.0,0.0,0.9,0.1,0.0,0.0,0.0,0.0,1.0,1.0,5870,60,2962,587.0,948.6390251302124,587.0,0.0040369033813476,10,899916.0
29.6,6,64.0,686.2969811012026,0.1,0.0,0.0,0.1,0.9,0.0,0.0,9,0,1,0,0.2,0.7,0.1,0.0,0.0,0.0,0.0,0.9,0.1,0.0,0.0,0.0,0.0,1.0,1.0,13786,66,2962,1378.6,1257.3998038279894,1378.6,0.0017026185989379,10,1581054.2666666666
20.0,6,64.0,16207.365045017195,0.0,0.0,0.0,0.0,0.0,0.0,0.0,0,0,0,0,0.0,0.0,0.0,0.0,0.0,0.0,0.0,1.0,0.0,0.0,0.0,0.0,0.0,1.0,1.0,6000,60,60,60.0,0.0,60.0,6.170034408569336e-05,100,0.0
20.0,6,64.0,11406.554077941855,0.0,1.0,0.0,0.0,0.0,0.0,0.0,0,100,0,0,0.0,0.0,0.0,0.0,0.0,0.0,0.0,1.0,0.0,0.0,0.0,0.0,0.0,1.0,1.0,6000,60,60,60.0,0.0,60.0,8.766889572143554e-05,100,0.0
32.0,6,64.0,402.0883303135755,0.0,0.0,0.0,0.1,1.0,0.0,0.0,10,0,0,0,0.0,1.0,0.0,0.0,0.0,0.0,0.0,1.0,0.0,0.0,0.0,0.0,0.0,1.0,1.0,19574,156,4410,1957.4,1176.5463772320147,1957.4,0.002508807182312,10,1384261.377777778
20.0,6,64.0,40900.08776206728,0.0,0.0,0.0,0.0,0.0,0.0,0.0,0,0,0,0,0.0,0.0,0.0,0.0,0.0,0.0,0.0,1.0,0.0,0.0,0.0,0.0,0.0,1.0,1.0,6000,60,60,60.0,0.0,60.0,2.444982528686524e-05,100,0.0
20.0,6,64.0,36577.16926833522,0.0,1.0,0.0,0.0,0.0,0.0,0.0,0,100,0,0,0.0,0.0,0.0,0.0,0.0,0.0,0.0,1.0,0.0,0.0,0.0,0.0,0.0,1.0,1.0,6000,60,60,60.0,0.0,60.0,2.733945846557617e-05,100,0.0
20.0,6,64.0,22862.226098332063,0.0,0.0,0.0,0.0,0.0,0.0,0.0,0,0,0,0,0.0,0.0,0.0,0.0,0.0,0.0,0.0,1.0,0.0,0.0,0.0,0.0,0.0,1.0,1.0,6000,60,60,60.0,0.0,60.0,4.374027252197266e-05,100,0.0
18.4,6,63.6,81.56871286743613,0.2,0.0,0.0,0.1,0.5,0.0,0.0,5,0,2,0,0.0,0.5,0.0,0.0,0.0,0.0,0.0,0.5,0.3,0.0,0.1,0.0,0.1,0.9,0.9,791,60,214,79.1,47.58722984629853,79.1,0.0131585836410522,10,2264.5444444444456
29.6,6,166.2,87.45530594627957,0.0,0.0,0.0,0.2,0.9,0.0,0.0,9,0,0,0,0.1,0.8,0.0,0.0,0.0,0.0,0.0,0.9,0.1,0.0,0.0,0.0,0.0,1.0,1.0,1286,66,454,128.6,125.32641824895144,128.6,0.0115615129470825,10,15706.71111111111
28.4,6,117.8,302.8750099290166,0.0,0.0,0.0,0.2,0.9,0.0,0.0,9,0,0,0,0.0,0.8,0.0,0.0,0.0,0.0,0.0,0.9,0.1,0.0,0.0,0.0,0.0,1.0,1.0,3887,60,1494,388.7,588.8035042921082,388.7,0.0033586978912353,10,346689.56666666665
19.88,6,65.91,30448.66787658802,0.0,0.99,0.0,0.0,0.0,0.0,0.0,0,99,0,0,0.0,0.0,0.0,0.0,0.0,0.0,0.0,0.99,0.01,0.0,0.0,0.0,0.0,1.0,1.0,6154,60,214,61.54,15.399999999999972,61.54,3.2842159271240234e-05,100,237.15999999999912
20.08,6,64.0,21853.30068254051,0.0,0.99,0.0,0.0,0.0,0.0,0.0,0,99,0,0,0.01,0.0,0.01,0.0,0.0,0.0,0.0,0.99,0.01,0.0,0.0,0.0,0.0,1.0,1.0,6024,60,74,60.24,1.712225794606883,60.24,4.575967788696289e-05,100,2.9317171717171724
32.0,6,98.0,850.1163403461835,0.0,0.0,0.0,0.0,1.0,0.0,0.0,10,0,0,0,0.0,1.0,0.0,0.0,0.0,0.0,0.0,1.0,0.0,0.0,0.0,0.0,0.0,1.0,1.0,9348,66,4410,934.8,1556.5532292715068,934.8,0.0011764049530029,10,2422857.955555556
29.6,6,116.7,144.18767102567276,0.0,0.0,0.0,0.1,0.9,0.0,0.0,9,0,0,0,0.1,0.8,0.0,0.0,0.0,0.0,0.0,0.9,0.1,0.0,0.0,0.0,0.0,1.0,1.0,8023,66,1514,802.3,750.8268109224656,802.3,0.0069355010986328,10,563740.8999999999
19.64,6,64.0,62378.10826888757,0.0,0.0,0.0,0.0,0.0,0.0,0.0,0,0,0,0,0.0,0.0,0.0,0.0,0.0,0.0,0.0,0.97,0.03,0.0,0.0,0.0,0.0,1.0,1.0,6090,60,90,60.9,5.1433982399329565,60.9,1.603126525878906e-05,100,26.454545454545432
20.24,6,64.0,35830.37758414488,0.0,0.98,0.0,0.01,0.02,0.0,0.0,2,98,0,0,0.02,0.0,0.0,0.0,0.0,0.0,0.0,1.0,0.0,0.0,0.0,0.0,0.0,1.0,1.0,6208,60,262,62.08,20.20285008396465,62.08,2.7909278869628907e-05,100,408.15515151515046
20.0,6,64.0,32971.49595157614,0.0,1.0,0.0,0.0,0.0,0.0,0.0,0,100,0,0,0.0,0.0,0.0,0.0,0.0,0.0,0.0,1.0,0.0,0.0,0.0,0.0,0.0,1.0,1.0,6000,60,60,60.0,0.0,60.0,3.0338764190673828e-05,100,0.0
20.0,6,64.0,11156.844177262328,0.0,1.0,0.0,0.0,0.0,0.0,0.0,0,100,0,0,0.0,0.0,0.0,0.0,0.0,0.0,0.0,1.0,0.0,0.0,0.0,0.0,0.0,1.0,1.0,6000,60,60,60.0,0.0,60.0,8.96310806274414e-05,100,0.0
28.4,6,68.2,232.9754710273729,0.0,0.0,0.0,0.1,0.9,0.0,0.0,9,0,0,0,0.0,0.8,0.1,0.0,0.0,0.0,0.0,0.9,0.1,0.0,0.0,0.0,0.0,1.0,1.0,15267,66,4410,1526.7,1350.4063627088124,1526.7,0.0043011903762817,10,1823597.3444444449
19.8,6,63.36,4136.31289323682,0.0,0.99,0.0,0.0,0.0,0.0,0.0,0,99,0,0,0.0,0.0,0.0,0.0,0.0,0.0,0.0,0.99,0.0,0.0,0.01,0.0,0.0,0.99,0.99,6000,60,60,60.0,0.0,60.0,0.0002426791191101,100,0.0
20.2,6,64.0,9937.460610799157,0.0,1.0,0.0,0.0,0.01,0.0,0.0,1,100,0,0,0.0,0.01,0.0,0.0,0.0,0.0,0.0,1.0,0.0,0.0,0.0,0.0,0.0,1.0,1.0,6014,60,74,60.14,1.3999999999999988,60.14,0.0001006293296813,100,1.9599999999999969
19.88,6,63.36,5329.61955831152,0.0,0.99,0.0,0.0,0.02,0.0,0.0,2,99,0,0,0.0,0.0,0.0,0.0,0.0,0.0,0.0,0.99,0.0,0.0,0.01,0.0,0.0,0.99,0.99,6000,60,60,60.0,0.0,60.0,0.0001876306533813,100,0.0
20.0,6,64.0,39730.07483186512,0.0,1.0,0.0,0.0,0.0,0.0,0.0,0,100,0,0,0.0,0.0,0.0,0.0,0.0,0.0,0.0,1.0,0.0,0.0,0.0,0.0,0.0,1.0,1.0,6000,60,60,60.0,0.0,60.0,2.517938613891601e-05,100,0.0
32.0,6,60.9,420.696697058145,0.0,0.0,0.0,0.2,1.0,0.0,0.0,10,0,0,0,0.0,0.8,0.0,0.0,0.0,0.0,0.0,1.0,0.0,0.0,0.0,0.0,0.0,1.0,1.0,12907,66,2962,1290.7,841.5979575915226,1290.7,0.0023917913436889,10,708287.1222222222
20.0,6,64.0,25426.18816682832,0.0,1.0,0.0,0.0,0.0,0.0,0.0,0,100,0,0,0.0,0.0,0.0,0.0,0.0,0.0,0.0,1.0,0.0,0.0,0.0,0.0,0.0,1.0,1.0,6000,60,60,60.0,0.0,60.0,3.932952880859375e-05,100,0.0
17.6,17,115.9,60.52535199276173,0.0,0.0,0.0,0.2,0.4,0.0,0.0,4,0,0,0,0.0,0.4,0.0,0.0,0.0,0.0,0.0,0.4,0.6,0.0,0.0,0.0,0.0,1.0,1.0,1513,60,677,151.3,187.4045238396223,151.3,0.0217577934265136,10,35120.45555555556
20.0,6,64.0,51463.8527607362,0.0,0.84,0.16,0.0,0.0,0.0,0.0,0,84,0,16,0.0,0.0,0.0,0.0,0.0,0.0,0.0,1.0,0.0,0.0,0.0,0.0,0.0,1.0,1.0,6000,60,60,60.0,0.0,60.0,2.0229816436767577e-05,100,0.0
28.0,6,87.8,142.1764229323372,0.0,0.1,0.0,0.4,0.8,0.0,0.0,8,1,0,0,0.1,0.6,0.1,0.0,0.0,0.0,0.0,0.9,0.1,0.0,0.0,0.0,0.0,1.0,1.0,1088,60,188,108.8,54.4544661978142,108.8,0.0073949098587036,10,2965.288888888889
20.24,6,64.0,115736.86534216336,0.0,0.0,0.0,0.01,0.02,0.0,0.0,2,0,0,0,0.0,0.02,0.0,0.0,0.0,0.0,0.0,1.0,0.0,0.0,0.0,0.0,0.0,1.0,1.0,6076,60,130,60.76,7.019626166339016,60.76,8.640289306640625e-06,100,49.275151515151386
20.12,6,65.7,40113.84850803366,0.0,0.99,0.0,0.0,0.01,0.0,0.0,1,99,0,0,0.0,0.01,0.0,0.0,0.0,0.0,0.0,1.0,0.0,0.0,0.0,0.0,0.0,1.0,1.0,6006,60,66,60.06,0.6,60.06,2.4929046630859376e-05,100,0.3599999999999999
20.0,6,64.0,5920.980264829611,0.0,1.0,0.0,0.0,0.0,0.0,0.0,0,100,0,0,0.0,0.0,0.0,0.0,0.0,0.0,0.0,1.0,0.0,0.0,0.0,0.0,0.0,1.0,1.0,6000,60,60,60.0,0.0,60.0,0.0002340006828308,100,0.0
20.0,6,63.79,23158.87582132405,0.0,0.99,0.0,0.0,0.01,0.0,0.0,1,99,0,0,0.0,0.0,0.0,0.0,0.0,0.0,0.0,1.0,0.0,0.0,0.0,0.0,0.0,1.0,1.0,6000,60,60,60.0,0.0,60.0,4.318952560424805e-05,100,0.0
20.12,6,64.0,18903.479358211647,0.0,0.0,0.0,0.0,0.01,0.0,0.0,1,0,0,0,0.0,0.01,0.0,0.0,0.0,0.0,0.0,1.0,0.0,0.0,0.0,0.0,0.0,1.0,1.0,6006,60,66,60.06,0.5999999999999993,60.06,5.2900314331054686e-05,100,0.3599999999999992
20.0,6,64.0,45954.90303495125,0.0,0.0,0.0,0.0,0.0,0.0,0.0,0,0,0,0,0.0,0.0,0.0,0.0,0.0,0.0,0.0,1.0,0.0,0.0,0.0,0.0,0.0,1.0,1.0,6000,60,60,60.0,0.0,60.0,2.176046371459961e-05,100,0.0
20.0,6,64.0,50099.187768752985,0.0,0.0,0.0,0.0,0.0,0.0,0.0,0,0,0,0,0.0,0.0,0.0,0.0,0.0,0.0,0.0,1.0,0.0,0.0,0.0,0.0,0.0,1.0,1.0,6000,60,60,60.0,0.0,60.0,1.996040344238281e-05,100,0.0
20.0,6,64.0,21281.16089096352,0.0,1.0,0.0,0.0,0.0,0.0,0.0,0,100,0,0,0.0,0.0,0.0,0.0,0.0,0.0,0.0,1.0,0.0,0.0,0.0,0.0,0.0,1.0,1.0,6000,60,60,60.0,0.0,60.0,4.725933074951172e-05,100,0.0
20.2,6,63.85,5826.150491033602,0.0,1.0,0.0,0.0,0.01,0.0,0.0,1,100,0,0,0.0,0.01,0.0,0.0,0.0,0.0,0.0,1.0,0.0,0.0,0.0,0.0,0.0,1.0,1.0,6014,60,74,60.14,1.3999999999999988,60.14,0.0001718306541442,100,1.9599999999999969
32.0,6,247.0,960.5203013717452,0.0,0.0,0.0,0.9,1.0,0.0,0.0,10,0,0,0,0.0,1.0,0.0,0.0,0.0,0.0,0.0,1.0,0.0,0.0,0.0,0.0,0.0,1.0,1.0,26364,1494,2922,2636.4,602.0976664960594,2636.4,0.0010877132415771,10,362521.6
20.0,6,64.0,9239.572640158607,0.0,0.0,0.41,0.0,0.41,0.0,0.0,41,0,0,41,1.0,0.0,0.0,0.0,0.0,0.0,0.0,1.0,0.0,0.0,0.0,0.0,0.0,1.0,1.0,6000,60,60,60.0,0.0,60.0,0.0001082301139831,100,0.0
20.0,6,64.0,58238.04498750347,0.0,0.0,0.6,0.0,0.6,0.0,0.0,60,0,0,60,1.0,0.0,0.0,0.0,0.0,0.0,0.0,1.0,0.0,0.0,0.0,0.0,0.0,1.0,1.0,6000,60,60,60.0,0.0,60.0,1.717090606689453e-05,100,0.0
20.0,6,64.0,67475.93307593308,0.0,0.0,0.0,0.0,0.0,0.0,0.0,0,0,0,0,0.0,0.0,0.0,0.0,0.0,0.0,0.0,1.0,0.0,0.0,0.0,0.0,0.0,1.0,1.0,6000,60,60,60.0,0.0,60.0,1.4820098876953124e-05,100,0.0
19.8,6,62.72,10317.837199576888,0.0,0.01,0.0,0.0,0.0,0.0,0.0,0,1,0,0,0.01,0.0,0.0,0.0,0.0,0.0,0.0,0.98,0.0,0.0,0.02,0.0,0.0,0.98,0.98,6014,60,74,60.14,1.3999999999999997,60.14,9.691953659057616e-05,100,1.959999999999999
20.0,6,64.0,20899.417011310976,0.0,0.0,0.0,0.0,0.0,0.0,0.0,0,0,0,0,1.0,0.0,0.0,0.0,0.0,0.0,0.0,1.0,0.0,0.0,0.0,0.0,0.0,1.0,1.0,6000,60,60,60.0,0.0,60.0,4.784822463989258e-05,100,0.0
30.8,6,83.1,1406.8236399007178,0.0,0.0,0.0,0.1,1.0,0.0,0.0,10,0,0,0,0.0,0.9,0.0,0.0,0.0,0.0,0.0,1.0,0.0,0.0,0.0,0.0,0.0,1.0,1.0,15619,60,2962,1561.9,895.1690653477451,1561.9,0.0008477210998535,10,801327.6555555556
20.0,6,64.0,40583.49298500242,0.0,0.0,0.0,0.0,0.0,0.0,0.0,0,0,0,0,0.0,0.0,0.0,0.0,0.0,0.0,0.0,1.0,0.0,0.0,0.0,0.0,0.0,1.0,1.0,6000,60,60,60.0,0.0,60.0,2.4640560150146483e-05,100,0.0
20.0,6,64.0,18399.298122477627,0.0,1.0,0.0,0.0,0.0,0.0,0.0,0,100,0,0,0.0,0.0,0.0,0.0,0.0,0.0,0.0,1.0,0.0,0.0,0.0,0.0,0.0,1.0,1.0,6000,60,60,60.0,0.0,60.0,5.435943603515625e-05,100,0.0
30.4,6,104.0,94.77346625662904,0.1,0.1,0.0,0.5,0.8,0.0,0.0,8,1,1,0,0.1,0.7,0.1,0.0,0.0,0.0,0.0,0.9,0.1,0.0,0.0,0.0,0.0,1.0,1.0,1004,66,244,100.4,53.77153315442826,100.4,0.0109178781509399,10,2891.3777777777777
32.0,6,114.1,1359.2274288677163,0.0,0.0,0.0,0.0,1.0,0.0,0.0,10,0,0,0,0.0,1.0,0.0,0.0,0.0,0.0,0.0,1.0,0.0,0.0,0.0,0.0,0.0,1.0,1.0,10796,66,1514,1079.6,699.4504509494102,1079.6,0.0007358074188232,10,489230.9333333333
20.0,6,64.0,48782.32147010933,0.0,1.0,0.0,0.0,0.0,0.0,0.0,0,100,0,0,0.0,0.0,0.0,0.0,0.0,0.0,0.0,1.0,0.0,0.0,0.0,0.0,0.0,1.0,1.0,6000,60,60,60.0,0.0,60.0,2.0499229431152345e-05,100,0.0
19.52,6,64.0,36873.0021978022,0.0,0.96,0.0,0.0,0.0,0.0,0.0,0,96,0,0,0.0,0.0,0.04,0.0,0.0,0.0,0.0,0.96,0.04,0.0,0.0,0.0,0.0,1.0,1.0,6100,60,92,61.0,5.120763831912406,61.0,2.712011337280273e-05,100,26.22222222222222
30.8,6,233.4,299.14229268744964,0.0,0.0,0.0,0.1,1.0,0.0,0.0,10,0,0,0,0.0,0.9,0.0,0.0,0.0,0.0,0.0,1.0,0.0,0.0,0.0,0.0,0.0,1.0,1.0,717,66,123,71.7,18.02498266295977,71.7,0.0078118801116943,10,324.9000000000002
20.0,6,64.0,5891.041883198966,0.0,1.0,0.0,0.0,0.0,0.0,0.0,0,100,0,0,0.0,0.0,0.0,0.0,0.0,0.0,0.0,1.0,0.0,0.0,0.0,0.0,0.0,1.0,1.0,6000,60,60,60.0,0.0,60.0,0.0001697492599487,100,0.0
32.0,6,64.0,772.2041387436483,0.0,0.0,0.0,0.0,1.0,0.0,0.0,10,0,0,0,0.0,1.0,0.0,0.0,0.0,0.0,0.0,1.0,0.0,0.0,0.0,0.0,0.0,1.0,1.0,19484,1514,2962,1948.4,699.4504509494102,1948.4,0.0013499021530151,10,489230.9333333333
20.0,6,64.0,14144.142442840764,0.0,0.0,0.0,0.0,0.0,0.0,0.0,0,0,0,0,0.0,0.0,0.0,0.0,0.0,0.0,0.0,1.0,0.0,0.0,0.0,0.0,0.0,1.0,1.0,6000,60,60,60.0,0.0,60.0,7.070064544677735e-05,100,0.0
27.2,6,197.6,3957.263892820077,0.0,0.0,0.0,0.0,0.8,0.0,0.0,8,0,0,0,0.0,0.8,0.0,0.0,0.0,0.0,0.0,0.8,0.2,0.0,0.0,0.0,0.0,1.0,1.0,1308,66,390,130.8,136.610394919274,130.8,0.000293493270874,10,18662.400000000005
20.0,6,65.71,6352.022534869985,0.0,0.99,0.0,0.0,0.01,0.0,0.0,1,99,0,0,0.0,0.01,0.01,0.0,0.0,0.0,0.0,0.99,0.01,0.0,0.0,0.0,0.0,1.0,1.0,6020,60,74,60.2,1.5175738212786538,60.2,0.0001574301719665,100,2.303030303030296
20.0,6,64.0,9762.822959824962,0.0,0.0,0.0,0.0,0.0,0.0,0.0,0,0,0,0,0.0,0.0,0.0,0.0,0.0,0.0,0.0,1.0,0.0,0.0,0.0,0.0,0.0,1.0,1.0,6000,60,60,60.0,0.0,60.0,0.0001024293899536,100,0.0
21.28,6,64.0,25812.690011693023,0.0,1.0,0.0,0.0,0.32,0.0,0.0,32,100,0,0,0.0,0.0,0.0,0.0,0.0,0.0,0.0,1.0,0.0,0.0,0.0,0.0,0.0,1.0,1.0,6000,60,60,60.0,0.0,60.0,3.874063491821289e-05,100,0.0
20.0,6,65.91,21422.462842841825,0.0,0.0,0.0,0.01,0.01,0.0,0.0,1,0,0,0,0.99,0.0,0.0,0.0,0.0,0.0,0.0,1.0,0.0,0.0,0.0,0.0,0.0,1.0,1.0,6025,60,85,60.25,2.5,60.25,4.667997360229492e-05,100,6.25
20.0,6,64.0,72253.29888027563,0.0,0.0,0.0,0.0,0.0,0.0,0.0,0,0,0,0,0.0,0.0,0.0,0.0,0.0,0.0,0.0,1.0,0.0,0.0,0.0,0.0,0.0,1.0,1.0,6000,60,60,60.0,0.0,60.0,1.3840198516845702e-05,100,0.0
20.12,6,64.0,14664.885843152337,0.0,0.0,0.0,0.0,0.01,0.0,0.0,1,0,0,0,0.99,0.01,0.0,0.0,0.0,0.0,0.0,1.0,0.0,0.0,0.0,0.0,0.0,1.0,1.0,6006,60,66,60.06,0.5999999999999986,60.06,0.0001141500473022,100,0.3599999999999984
20.0,6,64.0,5394.325693854978,0.0,0.92,0.08,0.0,0.0,0.0,0.0,0,92,0,8,0.0,0.0,0.0,0.0,0.0,0.0,0.0,1.0,0.0,0.0,0.0,0.0,0.0,1.0,1.0,6000,60,60,60.0,0.0,60.0,0.0001853895187377,100,0.0
28.0,6,85.7,65.12368566513263,0.0,0.2,0.0,0.4,0.9,0.0,0.0,9,2,0,0,0.0,0.7,0.0,0.0,0.0,0.0,0.0,0.9,0.0,0.0,0.1,0.0,0.0,0.9,0.9,1164,60,279,116.4,83.61180139988214,116.4,0.0167512893676757,10,6990.9333333333325
19.76,6,64.0,14613.281304438717,0.0,0.98,0.0,0.0,0.0,0.0,0.0,0,98,0,0,0.0,0.0,0.0,0.0,0.0,0.0,0.0,0.98,0.02,0.0,0.0,0.0,0.0,1.0,1.0,6000,60,60,60.0,0.0,60.0,6.844043731689453e-05,100,0.0
20.0,6,64.0,34804.61372500208,0.0,0.0,0.0,0.0,0.0,0.0,0.0,0,0,0,0,0.0,0.0,0.0,0.0,0.0,0.0,0.0,1.0,0.0,0.0,0.0,0.0,0.0,1.0,1.0,6000,60,60,60.0,0.0,60.0,2.873182296752929e-05,100,0.0
20.0,6,64.0,28161.031287766888,0.0,1.0,0.0,0.0,0.0,0.0,0.0,0,100,0,0,0.0,0.0,0.0,0.0,0.0,0.0,0.0,1.0,0.0,0.0,0.0,0.0,0.0,1.0,1.0,6000,60,60,60.0,0.0,60.0,3.576040267944336e-05,100,0.0
15.2,17,152.7,170.2413404011787,0.0,0.0,0.0,0.0,0.3,0.0,0.0,3,0,0,0,0.0,0.3,0.6,0.0,0.0,0.0,0.0,0.3,0.7,0.0,0.0,0.0,0.0,1.0,1.0,1440,66,357,144.0,116.70856390552018,144.0,0.0092095136642456,10,13620.888888888889
28.0,6,81.7,982.5026938393066,0.1,0.1,0.0,0.1,0.7,0.0,0.0,7,1,1,0,0.0,0.0,0.0,0.0,0.0,0.0,0.0,0.8,0.2,0.0,0.0,0.0,0.0,1.0,1.0,840,60,166,84.0,37.92390040887437,84.0,0.0013933897018432,10,1438.2222222222222
23.2,6,136.1,189.5122469173734,0.1,0.1,0.0,0.0,0.5,0.0,0.0,5,1,1,0,0.3,0.3,0.1,0.0,0.0,0.0,0.0,0.6,0.4,0.0,0.0,0.0,0.0,1.0,1.0,1414,66,358,141.4,123.46137497659385,141.4,0.0068976163864135,10,15242.71111111111
20.12,6,65.73,12704.622281456352,0.0,0.0,0.0,0.01,0.01,0.0,0.0,1,0,0,0,0.99,0.01,0.0,0.0,0.0,0.0,0.0,1.0,0.0,0.0,0.0,0.0,0.0,1.0,1.0,6288,60,348,62.88,28.79999999999999,62.88,7.871150970458984e-05,100,829.4399999999995
20.0,6,64.0,63859.68331303289,0.0,0.0,0.0,0.0,0.0,0.0,0.0,0,0,0,0,0.0,0.0,0.0,0.0,0.0,0.0,0.0,1.0,0.0,0.0,0.0,0.0,0.0,1.0,1.0,6000,60,60,60.0,0.0,60.0,1.5659332275390627e-05,100,0.0
20.0,6,64.0,17956.605873790566,0.0,0.0,0.0,0.0,0.0,0.0,0.0,0,0,0,0,1.0,0.0,0.0,0.0,0.0,0.0,0.0,1.0,0.0,0.0,0.0,0.0,0.0,1.0,1.0,6000,60,60,60.0,0.0,60.0,5.568981170654297e-05,100,0.0
20.0,6,64.0,63937.56097560976,0.0,0.0,0.0,0.0,0.0,0.0,0.0,0,0,0,0,0.0,0.0,0.0,0.0,0.0,0.0,0.0,1.0,0.0,0.0,0.0,0.0,0.0,1.0,1.0,6000,60,60,60.0,0.0,60.0,2.0041465759277344e-05,100,0.0
32.0,6,133.6,382.0888560939393,0.0,0.0,0.0,0.8,1.0,0.0,0.0,10,0,0,0,0.0,0.5,0.0,0.0,0.0,0.0,0.0,1.0,0.0,0.0,0.0,0.0,0.0,1.0,1.0,1543,66,217,154.3,67.32351413551996,154.3,0.0035418987274169,10,4532.455555555555
20.0,6,64.0,72931.73361154582,0.0,0.0,0.49,0.0,0.49,0.0,0.0,49,0,0,49,1.0,0.0,0.0,0.0,0.0,0.0,0.0,1.0,0.0,0.0,0.0,0.0,0.0,1.0,1.0,6000,60,60,60.0,0.0,60.0,1.371145248413086e-05,100,0.0
24.0,6,81.7,272.68675153107,0.1,0.0,0.0,0.1,0.7,0.0,0.0,7,0,1,0,0.1,0.6,0.1,0.0,0.0,0.0,0.0,0.7,0.2,0.0,0.1,0.0,0.0,0.9,0.9,9616,60,4410,961.6,1381.419817112492,961.6,0.0036673069000244,10,1908320.7111111109
20.24,6,65.69,11564.432435413162,0.0,0.0,0.0,0.0,0.02,0.0,0.0,2,0,0,0,0.01,0.01,0.0,0.0,0.0,0.0,0.0,1.0,0.0,0.0,0.0,0.0,0.0,1.0,1.0,7444,60,1486,74.44,142.59317846746578,74.44,8.64720344543457e-05,100,20332.814545454545
30.8,6,130.4,6150.005865102639,0.0,0.0,0.0,0.1,1.0,0.0,0.0,10,0,0,0,0.6,0.4,0.0,0.0,0.0,0.0,0.0,1.0,0.0,0.0,0.0,0.0,0.0,1.0,1.0,17451,66,2858,1745.1,1436.7918313613377,1745.1,0.0001920938491821,10,2064370.7666666664
20.0,6,64.0,19134.598540145984,0.0,1.0,0.0,0.0,0.0,0.0,0.0,0,100,0,0,0.0,0.0,0.0,0.0,0.0,0.0,0.0,1.0,0.0,0.0,0.0,0.0,0.0,1.0,1.0,6000,60,60,60.0,0.0,60.0,5.22613525390625e-05,100,0.0
20.0,6,64.0,11634.685159500694,0.0,1.0,0.0,0.0,0.0,0.0,0.0,0,100,0,0,0.0,0.0,0.0,0.0,0.0,0.0,0.0,1.0,0.0,0.0,0.0,0.0,0.0,1.0,1.0,6000,60,60,60.0,0.0,60.0,8.594989776611328e-05,100,0.0
20.2,6,64.0,12380.978244826874,0.0,1.0,0.0,0.0,0.0,0.0,0.0,0,100,0,0,0.0,0.01,0.0,0.0,0.0,0.0,0.0,1.0,0.0,0.0,0.0,0.0,0.0,1.0,1.0,6014,60,74,60.14,1.3999999999999992,60.14,8.076906204223632e-05,100,1.959999999999998
20.0,6,64.0,14452.651528203714,0.0,1.0,0.0,0.0,0.0,0.0,0.0,0,100,0,0,0.0,0.0,0.0,0.0,0.0,0.0,0.0,1.0,0.0,0.0,0.0,0.0,0.0,1.0,1.0,6000,60,60,60.0,0.0,60.0,6.919145584106445e-05,100,0.0
20.0,6,64.0,60567.56678700361,0.0,0.0,0.0,0.0,0.0,0.0,0.0,0,0,0,0,0.0,0.0,0.0,0.0,0.0,0.0,0.0,1.0,0.0,0.0,0.0,0.0,0.0,1.0,1.0,6000,60,60,60.0,0.0,60.0,1.6510486602783203e-05,100,0.0
32.0,6,231.0,5133.158732101334,0.0,0.0,0.0,0.0,1.0,0.0,0.0,10,0,0,0,0.0,1.0,0.0,0.0,0.0,0.0,0.0,1.0,0.0,0.0,0.0,0.0,0.0,1.0,1.0,660,66,66,66.0,0.0,66.0,0.0026653051376342,10,0.0
20.0,6,64.0,15703.710359803812,0.0,0.0,0.0,0.0,0.0,0.0,0.0,0,0,0,0,1.0,0.0,0.0,0.0,0.0,0.0,0.0,1.0,0.0,0.0,0.0,0.0,0.0,1.0,1.0,6000,60,60,60.0,0.0,60.0,6.368875503540039e-05,100,0.0
20.0,6,64.0,6107.290650436099,0.0,1.0,0.0,0.0,0.0,0.0,0.0,0,100,0,0,0.0,0.0,0.0,0.0,0.0,0.0,0.0,1.0,0.0,0.0,0.0,0.0,0.0,1.0,1.0,6000,60,60,60.0,0.0,60.0,0.0001637482643127,100,0.0
32.0,6,114.4,832.4344063827253,0.0,0.0,0.0,0.1,1.0,0.0,0.0,10,0,0,0,0.0,1.0,0.0,0.0,0.0,0.0,0.0,1.0,0.0,0.0,0.0,0.0,0.0,1.0,1.0,10796,66,1514,1079.6,699.4504509494101,1079.6,0.0018218040466308,10,489230.9333333332
20.0,6,64.0,32862.99459374755,0.0,0.0,0.0,0.0,0.0,0.0,0.0,0,0,0,0,0.0,0.0,0.0,0.0,0.0,0.0,0.0,1.0,0.0,0.0,0.0,0.0,0.0,1.0,1.0,6000,60,60,60.0,0.0,60.0,3.042936325073242e-05,100,0.0
20.0,6,64.0,9205.504466343304,0.0,1.0,0.0,0.0,0.0,0.0,0.0,0,100,0,0,0.0,0.0,0.0,0.0,0.0,0.0,0.0,1.0,0.0,0.0,0.0,0.0,0.0,1.0,1.0,6000,60,60,60.0,0.0,60.0,0.000108630657196,100,0.0
12.8,17,97.8,20.90199994817237,0.1,0.0,0.0,0.1,0.3,0.0,0.0,3,0,1,0,0.0,0.3,0.0,0.0,0.0,0.0,0.0,0.3,0.4,0.0,0.0,0.3,0.0,1.0,1.0,1219,66,230,121.9,58.298942243120216,121.9,0.0478766202926635,10,3398.7666666666664
20.0,6,64.0,7636.559609642415,0.0,1.0,0.0,0.0,0.0,0.0,0.0,0,100,0,0,0.0,0.0,0.0,0.0,0.0,0.0,0.0,1.0,0.0,0.0,0.0,0.0,0.0,1.0,1.0,6000,60,60,60.0,0.0,60.0,0.0001309490203857,100,0.0
20.0,6,64.0,63329.367356183,0.0,0.0,0.0,0.0,0.0,0.0,0.0,0,0,0,0,0.0,0.0,0.0,0.0,0.0,0.0,0.0,1.0,0.0,0.0,0.0,0.0,0.0,1.0,1.0,6000,60,60,60.0,0.0,60.0,1.5790462493896485e-05,100,0.0
19.88,6,65.91,9721.864497137429,0.0,0.99,0.0,0.0,0.0,0.0,0.0,0,99,0,0,0.0,0.0,0.0,0.0,0.0,0.0,0.0,0.99,0.01,0.0,0.0,0.0,0.0,1.0,1.0,6170,60,230,61.7,16.999999999999986,61.7,0.0001028609275817,100,288.99999999999955
20.0,6,64.0,12497.1813360348,0.0,1.0,0.0,0.0,0.0,0.0,0.0,0,100,0,0,0.0,0.0,0.0,0.0,0.0,0.0,0.0,1.0,0.0,0.0,0.0,0.0,0.0,1.0,1.0,6000,60,60,60.0,0.0,60.0,8.001804351806641e-05,100,0.0
20.0,6,64.0,27012.97095382237,0.0,0.88,0.12,0.0,0.0,0.0,0.0,0,88,0,12,0.0,0.0,0.0,0.0,0.0,0.0,0.0,1.0,0.0,0.0,0.0,0.0,0.0,1.0,1.0,6000,60,60,60.0,0.0,60.0,3.701925277709961e-05,100,0.0
30.4,6,129.9,89.78437471235334,0.0,0.1,0.0,0.2,0.9,0.0,0.0,9,1,0,0,0.1,0.8,0.0,0.0,0.0,0.0,0.0,0.9,0.1,0.0,0.0,0.0,0.0,1.0,1.0,1173,66,317,117.3,89.28363045187325,117.3,0.0124482870101928,10,7971.566666666669
20.0,6,64.0,17531.783982611603,0.0,1.0,0.0,0.0,0.0,0.0,0.0,0,100,0,0,0.0,0.0,0.0,0.0,0.0,0.0,0.0,1.0,0.0,0.0,0.0,0.0,0.0,1.0,1.0,6000,60,60,60.0,0.0,60.0,5.7039260864257815e-05,100,0.0
